original_cost,expenditure,physical_progress,project_duration_days,project_duration_months,expenditure_ratio,progress_per_month,sector,ministry,agency,cost_overrun_flag
499,160.48,41,985.0,32.35873850197109,0.3216032064128256,1.2670456852791878,Aviation & Aviation Infrastructure,Ministry of Civil Aviation,Airport Authority of India [AAI],0
1217,1046.48,94,1677.0,55.09198423127464,0.8598849630238291,1.70623732856291,Aviation & Aviation Infrastructure,Ministry of Civil Aviation,Airport Authority of India [AAI],0
887,312.4,44,1013.0,33.27858081471748,0.3521984216459977,1.3221717670286277,Aviation & Aviation Infrastructure,Ministry of Civil Aviation,Airport Authority of India [AAI],0
612,464.55,77,810.0,26.609724047306177,0.7590686274509804,2.893679012345679,Aviation & Aviation Infrastructure,Ministry of Civil Aviation,Airport Authority of India [AAI],0
480,254.71,77,932.0,30.617608409986858,0.5306458333333334,2.514892703862661,Aviation & Aviation Infrastructure,Ministry of Civil Aviation,Airport Authority of India [AAI],0
219,206.33,97,2755.5,90.52233902759525,0.9421461187214611,0.6743353097526068,Aviation & Aviation Infrastructure,Ministry of Civil Aviation,Airport Authority of India [AAI],1
861,154.3,30,1451.0,47.66754270696452,0.1792102206736353,0.6293590627153688,Aviation & Aviation Infrastructure,Ministry of Civil Aviation,Airport Authority of India [AAI],1
480,427.04,67,1145.0,37.614980289093296,0.8896666666666667,1.7812052401746723,Aviation & Aviation Infrastructure,Ministry of Civil Aviation,Airport Authority of India [AAI],1
1305,666.42,63,1477.0,48.52168199737188,0.5106666666666666,1.298388625592417,Aviation & Aviation Infrastructure,Ministry of Civil Aviation,Airport Authority of India [AAI],1
1549,262.41,10,885.0,29.07358738501971,0.1694060684312459,0.343954802259887,Aviation & Aviation Infrastructure,Ministry of Civil Aviation,Airport Authority of India [AAI],0
256,130.0,88,1499.0,49.24441524310118,0.5078125,1.7870046697798534,Aviation & Aviation Infrastructure,Ministry of Civil Aviation,Airport Authority of India [AAI],0
3145,1250.66,21,3008.0,98.8173455978975,0.3976661367249602,0.2125132978723404,Coal,Ministry of Coal,Mahanadi Coalfields Limited (MCL),1
570,81.29,16,1694.0,55.65045992115637,0.1426140350877193,0.287508854781582,Coal,Ministry of Coal,Eastern Coal Fields Limited [ECL],1
823,621.73,35,2605.0,85.57818659658344,0.7554434993924666,0.4089827255278311,Coal,Ministry of Coal,Western Coalfields Limited [WCL],0
8416,1694.31,17,2897.0,95.17082785808148,0.2013201045627376,0.178626164998274,Coal,Ministry of Coal,Mahanadi Coalfields Limited (MCL),0
861,441.05,41,4257.0,139.84888304862022,0.512253193960511,0.2931735964294104,Coal,Ministry of Coal,Ministry of Coal,0
502,302.2,59,13848.0,454.92772667542704,0.6019920318725099,0.1296909300982091,Coal,Ministry of Power,National Thermal Power Corporation [NTPC],1
647,518.46,98,1215.0,39.91458607095926,0.8013292117465225,2.45524279835391,Construction,Ministry of Housing & Urban Affairs,Central Public Works Department [CPWD],0
68,22.15,16,2755.5,90.52233902759525,0.325735294117647,0.6743353097526068,Education,Department of Higher Education,"Indian Institute of Technology, Bombay",1
420,360.72,99,973.0,31.964520367936924,0.8588571428571429,3.097183967112025,Education,Department of Higher Education,IISC Bangalore,1
425,484.52,96,1582.0,51.97109067017082,1.1400470588235294,1.847180783817952,Education,Department of Higher Education,"Indian Institute of Management, Jammu",1
1006,615.95,66,1802.0,59.19842312746386,0.6122763419483102,1.1148945615982242,Education,Department of Higher Education,INDIAN INSTITUTE OF TECHNOLOGY PALAKKAD,1
474,167.55,4,3589.0,117.904073587385,0.3534810126582278,0.0339258846475341,Education,Department of Higher Education,Ministry of Education,1
252,183.36,78,1349.0,44.31668856767411,0.7276190476190477,1.7600593031875462,Education,Department of Higher Education,"Central University, Himachal Pradesh",1
618,509.24,94,1763.0,57.91721419185282,0.8240129449838188,1.623006239364719,Education,Department of Higher Education,"National Institute of Technology, Puducherry",0
686,121.56,7,1461.0,47.99605781865966,0.177201166180758,0.145845311430527,Education,Department of Higher Education,Ministry of Education,0
393,320.75,92,1870.0,61.4323258869908,0.8161577608142494,1.4975828877005348,Education,Department of Higher Education,"Indian Institute of Management, Sirmaur",1
500,382.6,87,1740.0,57.16162943495401,0.7652,1.522,Education,Department of Higher Education,"Indian Institute of Technology, Kharagpur",0
1229,835.55,97,889.0,29.204993429697765,0.6798616761594792,3.321349831271091,Education,Department of Higher Education,"Indian Institutes of Science Education and Research, Behrampur",0
1813,769.57,68,2755.5,90.52233902759525,0.4244732487589631,0.6743353097526068,Electricity Generation,Ministry of Coal,NLC India Limited [NLCIL],0
17238,20135.5,92,2755.5,90.52233902759525,1.1680879452372666,0.6743353097526068,Electricity Generation,Ministry of Coal,NLC India Limited [NLCIL],1
10439,11971.0,92,1767.0,58.04862023653088,1.1467573522368042,1.584878324844369,Electricity Generation,Ministry of Power,Satluj Jal Vidyut Nigam [SJVN] Thermal Limited,1
688,908.65,67,1861.0,61.136662286465175,1.3207122093023256,1.095905427189683,Electricity Generation,Ministry of Power,Satluj Jal Vidyut Nigam [SJVN] Thermal Limited,1
1037,1085.39,91,2755.5,90.52233902759525,1.0466634522661524,0.6743353097526068,Electricity Generation,Ministry of Power,Damodar Valley Corporation,1
11089,12429.0,96,1793.0,58.90275952693823,1.1208404725403551,1.6298047964305635,Electricity Generation,Ministry of Power,THDC India Limited,1
1811,1742.92,51,1886.0,61.95795006570302,0.9624075096631696,0.8231389183457053,Electricity Generation,Ministry of Power,Satluj Jal Vidyut Nigam [SJVN] Thermal Limited,1
17112,17365.0,81,1947.0,63.96189224704336,1.0147849462365592,1.2663790446841294,Electricity Generation,Ministry of Power,National Thermal Power Corporation [NTPC],1
938,1554.15,90,1156.0,37.97634691195795,1.6568763326226017,2.3698961937716265,Electricity Generation,Ministry of Power,National Highways & Infrastructure Development Corporation Ltd. [NHIDCL],1
6285,24685.1,96,2556.0,83.96846254927726,3.9276213206046138,1.1432863849765258,Electricity Generation,Ministry of Power,National Highways & Infrastructure Development Corporation Ltd. [NHIDCL],1
2615,956.76,29,1908.0,62.680683311432325,0.3658738049713193,0.4626624737945493,Electricity Generation,Ministry of Power,Satluj Jal Vidyut Nigam [SJVN] Thermal Limited,1
11844,3975.0,26,1740.0,57.16162943495401,0.335612968591692,0.4548505747126437,Electricity Generation,Ministry of Power,National Thermal Power Corporation [NTPC],1
2978,7123.58,77,2755.5,90.52233902759525,2.392068502350571,0.6743353097526068,Electricity Generation,Ministry of Power,National Thermal Power Corporation [NTPC],1
5748,4495.28,68,1826.0,59.98685939553219,0.7820598469032707,1.133581599123768,Electricity Generation,Ministry of Power,National Highways & Infrastructure Development Corporation Ltd. [NHIDCL],1
4826,7939.82,98,5822.0,191.26149802890933,1.6452175714877746,0.512387495705943,Electricity Generation,Ministry of Power,THDC India Limited,1
3860,4828.89,72,5229.0,171.78055190538765,1.2510077720207256,0.4191394148020654,Electricity Generation,Ministry of Power,THDC India Limited,1
281,227.54,50,2755.5,90.52233902759525,0.8097508896797153,0.6743353097526068,Energy Storage,Ministry of Petroleum & Natural Gas,Ministry of Petroleum & Natural Gas,1
854,712.3,99,2755.5,90.52233902759525,0.8340749414519906,0.6743353097526068,Energy Storage,Ministry of Petroleum & Natural Gas,Ministry of Petroleum & Natural Gas,0
240,31.23,50,2755.5,90.52233902759525,0.130125,0.6743353097526068,Energy Storage,Ministry of Petroleum & Natural Gas,Ministry of Petroleum & Natural Gas,0
156,49.78,39,2755.5,90.52233902759525,0.3191025641025641,0.6743353097526068,Energy Storage,Ministry of Petroleum & Natural Gas,Hindustan Petroleum Corporation Limited,1
827,619.5,85,2755.5,90.52233902759525,0.749093107617896,0.6743353097526068,Energy Storage,Ministry of Petroleum & Natural Gas,Indian Oil Corporation Limited [IOCL],1
656,465.73,84,2755.5,90.52233902759525,0.7099542682926829,0.6743353097526068,Energy Storage,Ministry of Petroleum & Natural Gas,Indian Oil Corporation Limited [IOCL],0
980,236.22,50,2755.5,90.52233902759525,0.2410408163265306,0.6743353097526068,Energy Storage,Ministry of Petroleum & Natural Gas,Ministry of Petroleum & Natural Gas,1
829,297.77,62,2755.5,90.52233902759525,0.3591917973462002,0.6743353097526068,Energy Storage,Ministry of Petroleum & Natural Gas,Ministry of Petroleum & Natural Gas,0
678,675.25,67,2755.5,90.52233902759525,0.99594395280236,0.6743353097526068,Energy Storage,Ministry of Petroleum & Natural Gas,"Department of Water Resources, River Development & GR",1
9028,7071.08,84,2755.5,90.52233902759525,0.7832388125830748,0.6743353097526068,Energy Storage,Ministry of Petroleum & Natural Gas,Ministry of Petroleum & Natural Gas,0
10228,9701.95,86,2755.5,90.52233902759525,0.9485676574110288,0.6743353097526068,Energy Storage,Ministry of Petroleum & Natural Gas,Ministry of Petroleum & Natural Gas,1
461,111.57,51,2755.5,90.52233902759525,0.2420173535791757,0.6743353097526068,Energy Storage,Ministry of Petroleum & Natural Gas,Hindustan Petroleum Corporation Limited [HPCL],1
43129,59524.4,87,2755.5,90.52233902759525,1.380147928308099,0.6743353097526068,Energy Storage,Ministry of Petroleum & Natural Gas,MinistryofPetroleumNaturalGas,1
677,518.22,77,2755.5,90.52233902759525,0.7654652880354506,0.6743353097526068,Energy Storage,Ministry of Petroleum & Natural Gas,Bharat Petroleum Corporation Limited [BPCL],0
384,110.44,48,2755.5,90.52233902759525,0.2876041666666666,0.6743353097526068,Energy Storage,Ministry of Petroleum & Natural Gas,Hindustan Petroleum Corporation Limited [HPCL],1
2658,2192.68,94,2755.5,90.52233902759525,0.824936042136945,0.6743353097526068,Energy Storage,Ministry of Petroleum & Natural Gas,Ministry of Petroleum & Natural Gas,1
1028,792.24,83,1383.0,45.43363994743758,0.7706614785992218,1.826840202458424,Healthcare,Ministry of Health & Family Welfare,Ministry of Health & Family Welfare,1
1828,1504.91,65,2213.0,72.70039421813404,0.8232549234135668,0.8940804338002711,Healthcare,Ministry of Health & Family Welfare,Central Public Works Department [CPWD],0
693,58.0,0,2513.0,82.55584756898817,0.0836940836940837,0.0,Healthcare,"Ministry of Ports, Shipping and Waterways",Mumbai Port Trust [MPT],0
5369,3432.34,70,2188.0,71.87910643889619,0.6392885081020675,0.973857404021938,Inland Waterways,"Ministry of Ports, Shipping and Waterways",Inland Waterways Authority of India [IWAI],0
1173,1971.0,80,4646.0,152.6281208935611,1.680306905370844,0.5241498062849764,Inland Waterways,Ministry of Railways,East Coast Railway [ECoR] - II,1
2344,196.75,8,5642.0,185.34822601839684,0.0839377133105802,0.0431619992910315,Inland Waterways,Ministry of Railways,East Coast Railway [ECoR] - II,0
748,10.43,1,4045.0,132.8843626806833,0.0139438502673796,0.0075253399258343,Inland Waterways,Ministry of Railways,East Coast Railway [ECoR] - II,0
355,0.0,0,2755.5,90.52233902759525,0.0,0.6743353097526068,Metals & Mining,Ministry of Mines,Ministry of Mines,1
4103,3913.98,75,2080.0,68.3311432325887,0.9539312698025836,1.0975961538461538,Metals & Mining,Ministry of Mines,National Aluminium Company Limited [NALCO],1
1381,650.04,51,2513.0,82.55584756898817,0.4707023895727733,0.6177636291285317,Metals & Mining,Ministry of Mines,National Aluminium Company Limited [NALCO],1
1700,65.44,2,2698.0,88.63337713534823,0.0384941176470588,0.0225648628613788,Metals & Mining,Ministry of Steel,National Mineral Development Corporation Limited [NMDC],1
1421,1180.91,95,2755.5,90.52233902759525,0.8310415200562984,0.6743353097526068,Oil & Gas,Ministry of Petroleum & Natural Gas,Hindustan Petroleum Corporation Limited [HPCL],1
8797,6768.36,85,2755.5,90.52233902759525,0.7693941116289644,0.6743353097526068,Oil & Gas,Ministry of Petroleum & Natural Gas,Ministry of Petroleum & Natural Gas,1
1750,4650.0,99,2755.5,90.52233902759525,2.657142857142857,0.6743353097526068,Oil & Gas,Ministry of Petroleum & Natural Gas,Ministry of Petroleum & Natural Gas,1
165,89.94,72,2755.5,90.52233902759525,0.5450909090909091,0.6743353097526068,Oil & Gas,Ministry of Petroleum & Natural Gas,Indian Oil Corporation Limited [IOCL],0
228,9.01,20,2755.5,90.52233902759525,0.0395175438596491,0.6743353097526068,Oil & Gas,Ministry of Petroleum & Natural Gas,MinistryofPetroleumNaturalGas,0
277,185.18,67,2755.5,90.52233902759525,0.6685198555956678,0.6743353097526068,Oil & Gas,Ministry of Petroleum & Natural Gas,MinistryofPetroleumNaturalGas,1
14810,11728.0,87,2755.5,90.52233902759525,0.7918973666441593,0.6743353097526068,Oil & Gas,Ministry of Petroleum & Natural Gas,Ministry of Petroleum & Natural Gas,1
367,339.19,93,2755.5,90.52233902759525,0.9242234332425068,0.6743353097526068,Oil & Gas,Ministry of Petroleum & Natural Gas,Ministry of Petroleum and Natural Gas,1
199,36.78,29,2755.5,90.52233902759525,0.1848241206030151,0.6743353097526068,Oil & Gas,Ministry of Petroleum & Natural Gas,Ministry of Petroleum & Natural Gas,0
768,99.02,35,2755.5,90.52233902759525,0.1289322916666666,0.6743353097526068,Oil & Gas,Ministry of Petroleum & Natural Gas,MinistryofPetroleumNaturalGas,0
34627,23977.5,88,2755.5,90.52233902759525,0.6924509775608629,0.6743353097526068,Oil & Gas,Ministry of Petroleum & Natural Gas,Ministry of Petroleum & Natural Gas,1
31580,1342.27,10,2755.5,90.52233902759525,0.0425037998733375,0.6743353097526068,Oil & Gas,Ministry of Petroleum & Natural Gas,Chennai Petroleum Corporation Limited [CPCL],1
1377,329.43,26,2755.5,90.52233902759525,0.2392374727668845,0.6743353097526068,Oil & Gas,Ministry of Petroleum & Natural Gas,Hindustan Petroleum Corporation Limited,0
2628,332.52,26,2755.5,90.52233902759525,0.1265296803652968,0.6743353097526068,Oil & Gas,Ministry of Petroleum & Natural Gas,Hindustan Petroleum Corporation Limited,0
5535,3836.09,0,2755.5,90.52233902759525,0.6930605239385728,0.6743353097526068,Oil & Gas,Ministry of Petroleum & Natural Gas,Ministry of Petroleum & Natural Gas,0
865,68.01,2,2755.5,90.52233902759525,0.0786242774566474,0.6743353097526068,Oil & Gas,Ministry of Petroleum & Natural Gas,MinistryofPetroleumNaturalGas,0
501,111.55,5,2755.5,90.52233902759525,0.2226546906187624,0.6743353097526068,Oil & Gas,Ministry of Petroleum & Natural Gas,MinistryofPetroleumNaturalGas,0
609,58.15,2,2755.5,90.52233902759525,0.0954844006568144,0.6743353097526068,Oil & Gas,Ministry of Petroleum & Natural Gas,MinistryofPetroleumNaturalGas,0
538,4.09,0,2755.5,90.52233902759525,0.0076022304832713,0.6743353097526068,Oil & Gas,Ministry of Petroleum & Natural Gas,MinistryofPetroleumNaturalGas,0
163,95.54,40,2755.5,90.52233902759525,0.5861349693251534,0.6743353097526068,Oil & Gas,Ministry of Petroleum & Natural Gas,Ministry of Petroleum & Natural Gas,0
1420,162.47,6,2755.5,90.52233902759525,0.1144154929577464,0.6743353097526068,Oil & Gas,Ministry of Petroleum & Natural Gas,MinistryofPetroleumNaturalGas,0
151,8.77,2,2755.5,90.52233902759525,0.0580794701986754,0.6743353097526068,Oil & Gas,Ministry of Petroleum & Natural Gas,MinistryofPetroleumNaturalGas,0
1017,176.15,32,2755.5,90.52233902759525,0.1732055063913471,0.6743353097526068,Oil & Gas,Ministry of Petroleum & Natural Gas,Bharat Petroleum Corporation Limited [BPCL],0
3638,396.42,21,2755.5,90.52233902759525,0.1089664650907091,0.6743353097526068,Oil & Gas,Ministry of Petroleum & Natural Gas,Bharat Petroleum Corporation Limited [BPCL],0
3207,334.82,22,2755.5,90.52233902759525,0.1044028687246648,0.6743353097526068,Oil & Gas,Ministry of Petroleum & Natural Gas,Bharat Petroleum Corporation Limited [BPCL],0
3919,392.59,14,2755.5,90.52233902759525,0.1001760653227864,0.6743353097526068,Oil & Gas,Ministry of Petroleum & Natural Gas,Bharat Petroleum Corporation Limited [BPCL],0
16654,603.21,9,2755.5,90.52233902759525,0.0362201272967455,0.6743353097526068,Oil & Gas,Ministry of Petroleum & Natural Gas,Bharat Petroleum Corporation Limited [BPCL],0
3685,234.12,11,2755.5,90.52233902759525,0.0635332428765264,0.6743353097526068,Oil & Gas,Ministry of Petroleum & Natural Gas,Bharat Petroleum Corporation Limited [BPCL],0
621,137.71,21,2755.5,90.52233902759525,0.2217552334943639,0.6743353097526068,Oil & Gas,Ministry of Petroleum & Natural Gas,Oil and Natural Gas Corporation Limited [ONGC],1
341,279.19,50,2755.5,90.52233902759525,0.8187390029325513,0.6743353097526068,Oil & Gas,Ministry of Petroleum & Natural Gas,MinistryofPetroleumNaturalGas,1
431,326.12,85,2755.5,90.52233902759525,0.7566589327146171,0.6743353097526068,Oil & Gas,Ministry of Petroleum & Natural Gas,Ministry of Petroleum & Natural Gas,0
423,287.49,78,2755.5,90.52233902759525,0.6796453900709221,0.6743353097526068,Oil & Gas,Ministry of Petroleum & Natural Gas,Ministry of Petroleum & Natural Gas,1
209,65.97,62,2755.5,90.52233902759525,0.315645933014354,0.6743353097526068,Oil & Gas,Ministry of Petroleum & Natural Gas,Oil and Natural Gas Corporation Limited [ONGC],0
394,100.39,43,2755.5,90.52233902759525,0.2547969543147208,0.6743353097526068,Oil & Gas,Ministry of Petroleum & Natural Gas,MinistryofPetroleumNaturalGas,0
4144,3770.15,83,2755.5,90.52233902759525,0.9097852316602316,0.6743353097526068,Oil & Gas,Ministry of Petroleum & Natural Gas,Oil and Natural Gas Corporation Limited [ONGC],1
370,249.41,57,2755.5,90.52233902759525,0.6740810810810811,0.6743353097526068,Oil & Gas,Ministry of Petroleum & Natural Gas,NRL,0
1165,901.73,84,2755.5,90.52233902759525,0.7740171673819742,0.6743353097526068,Oil & Gas,Ministry of Petroleum & Natural Gas,"Department of Water Resources, River Development & GR",1
364,22.82,10,2755.5,90.52233902759525,0.0626923076923077,0.6743353097526068,Oil & Gas,Ministry of Petroleum & Natural Gas,Ministry of Petroleum & Natural Gas,0
431,211.34,58,2755.5,90.52233902759525,0.4903480278422273,0.6743353097526068,Oil & Gas,Ministry of Petroleum & Natural Gas,Oil and Natural Gas Corporation Limited [ONGC],0
683,488.37,94,2755.5,90.52233902759525,0.7150366032210834,0.6743353097526068,Oil & Gas,Ministry of Petroleum & Natural Gas,Ministry of Petroleum & Natural Gas,1
1031,853.7,87,2755.5,90.52233902759525,0.8280310378273521,0.6743353097526068,Oil & Gas,Ministry of Petroleum & Natural Gas,Ministry of Petroleum & Natural Gas,1
1740,2237.5,90,2755.5,90.52233902759525,1.285919540229885,0.6743353097526068,Oil & Gas,Ministry of Petroleum & Natural Gas,Ministry of Petroleum & Natural Gas,1
43367,1788.6,13,2755.5,90.52233902759525,0.0412433417114395,0.6743353097526068,Oil & Gas,Ministry of Petroleum & Natural Gas,MinistryofPetroleumNaturalGas,0
522,190.1,36,2755.5,90.52233902759525,0.3641762452107279,0.6743353097526068,Oil & Gas,Ministry of Petroleum & Natural Gas,Gas Authority of India Limited [GAIL],0
412,430.83,84,2755.5,90.52233902759525,1.0457038834951455,0.6743353097526068,Oil & Gas,Ministry of Petroleum & Natural Gas,Ministry of Petroleum & Natural Gas,1
1010,627.12,81,2755.5,90.52233902759525,0.6209108910891089,0.6743353097526068,Oil & Gas,Ministry of Petroleum & Natural Gas,Hindustan Petroleum Corporation Limited,0
240,34.4,37,2755.5,90.52233902759525,0.1433333333333333,0.6743353097526068,Oil & Gas,Ministry of Petroleum & Natural Gas,Hindustan Petroleum Corporation Limited,0
193,0.43,23,2755.5,90.52233902759525,0.0022279792746113,0.6743353097526068,Oil & Gas,Ministry of Petroleum & Natural Gas,Hindustan Petroleum Corporation Limited,0
160,77.06,64,2755.5,90.52233902759525,0.481625,0.6743353097526068,Oil & Gas,Ministry of Petroleum & Natural Gas,Hindustan Petroleum Corporation Limited,1
2282,1800.61,63,2755.5,90.52233902759525,0.7890490797546011,0.6743353097526068,Oil & Gas,Ministry of Petroleum & Natural Gas,Ministry of Petroleum & Natural Gas,1
389,46.94,37,2755.5,90.52233902759525,0.1206683804627249,0.6743353097526068,Oil & Gas,Ministry of Petroleum & Natural Gas,MinistryofPetroleumNaturalGas,0
405,201.28,84,2755.5,90.52233902759525,0.4969876543209877,0.6743353097526068,Oil & Gas,Ministry of Petroleum & Natural Gas,Bharat Petroleum Corporation Limited [BPCL],0
165,129.27,70,2755.5,90.52233902759525,0.7834545454545455,0.6743353097526068,Oil & Gas,Ministry of Petroleum & Natural Gas,MinistryofPetroleumNaturalGas,1
328,144.16,55,2755.5,90.52233902759525,0.4395121951219512,0.6743353097526068,Oil & Gas,Ministry of Petroleum & Natural Gas,MinistryofPetroleumNaturalGas,0
6184,360.0,17,2755.5,90.52233902759525,0.0582147477360931,0.6743353097526068,Oil & Gas,Ministry of Petroleum & Natural Gas,Ministry of Petroleum & Natural Gas,0
13805,8250.46,90,2755.5,90.52233902759525,0.5976428830134008,0.6743353097526068,Oil & Gas,Ministry of Petroleum & Natural Gas,Ministry of Petroleum & Natural Gas,0
1487,776.61,61,2755.5,90.52233902759525,0.52226630800269,0.6743353097526068,Oil & Gas,Ministry of Petroleum & Natural Gas,Oil and Natural Gas Corporation Limited [ONGC],1
34012,35498.3,96,2755.5,90.52233902759525,1.043699282606139,0.6743353097526068,Oil & Gas,Ministry of Petroleum & Natural Gas,Oil and Natural Gas Corporation Limited [ONGC],0
2915,4431.9,94,2755.5,90.52233902759525,1.520377358490566,0.6743353097526068,Oil & Gas,Ministry of Petroleum & Natural Gas,Ministry of Petroleum & Natural Gas,1
202,55.46,45,2755.5,90.52233902759525,0.2745544554455446,0.6743353097526068,Oil & Gas,Ministry of Petroleum & Natural Gas,MinistryofPetroleumNaturalGas,1
205,19.86,39,2755.5,90.52233902759525,0.0968780487804878,0.6743353097526068,Oil & Gas,Ministry of Petroleum & Natural Gas,Chennai Petroleum Corporation Limited [CPCL],0
3191,3074.01,89,2755.5,90.52233902759525,0.963337511751802,0.6743353097526068,Oil & Gas,Ministry of Petroleum & Natural Gas,Oil and Natural Gas Corporation Limited [ONGC],1
4679,188.88,4,2755.5,90.52233902759525,0.0403675999145116,0.6743353097526068,Oil & Gas,Ministry of Petroleum & Natural Gas,Ministry of Petroleum and Natural Gas,0
7392,6304.0,90,2755.5,90.52233902759525,0.8528138528138528,0.6743353097526068,Oil & Gas,Ministry of Petroleum & Natural Gas,Ministry of Petroleum & Natural Gas,0
2329,820.24,48,2755.5,90.52233902759525,0.3521854873336196,0.6743353097526068,Oil & Gas,Ministry of Petroleum & Natural Gas,Ministry of Petroleum & Natural Gas,1
1932,1552.37,98,2755.5,90.52233902759525,0.8035041407867495,0.6743353097526068,Oil & Gas,Ministry of Petroleum & Natural Gas,Ministry of Petroleum & Natural Gas,1
7844,6495.6,95,2755.5,90.52233902759525,0.8280979092299847,0.6743353097526068,Oil & Gas,Ministry of Petroleum & Natural Gas,Ministry of Petroleum & Natural Gas,1
9265,6375.02,85,2755.5,90.52233902759525,0.6880755531570427,0.6743353097526068,Oil & Gas,Ministry of Petroleum & Natural Gas,Ministry of Petroleum & Natural Gas,0
12366,16502.4,75,2755.5,90.52233902759525,1.3344978165938866,0.6743353097526068,Oil & Gas,Ministry of Petroleum & Natural Gas,Ministry of Petroleum & Natural Gas,1
173,148.0,87,2755.5,90.52233902759525,0.8554913294797688,0.6743353097526068,Oil & Gas,Ministry of Petroleum & Natural Gas,Oil and Natural Gas Corporation Limited [ONGC],0
1219,745.24,90,2755.5,90.52233902759525,0.6113535684987695,0.6743353097526068,Oil & Gas,Ministry of Petroleum & Natural Gas,Oil and Natural Gas Corporation Limited [ONGC],0
18936,12190.1,83,2755.5,90.52233902759525,0.6437526404731728,0.6743353097526068,Oil & Gas,Ministry of Petroleum & Natural Gas,Ministry of Petroleum & Natural Gas,0
345,210.89,46,2755.5,90.52233902759525,0.6112753623188405,0.6743353097526068,Oil & Gas,Ministry of Petroleum & Natural Gas,Ministry of Petroleum & Natural Gas,0
2585,564.58,58,2755.5,90.52233902759525,0.2184061895551257,0.6743353097526068,Oil & Gas,Ministry of Petroleum & Natural Gas,Bharat Petroleum Corporation Limited [BPCL],0
1459,1043.9,70,2755.5,90.52233902759525,0.7154900616860864,0.6743353097526068,Oil & Gas,Ministry of Petroleum & Natural Gas,Indian Oil Corporation Limited [IOCL],1
294,97.22,93,2755.5,90.52233902759525,0.3306802721088435,0.6743353097526068,Oil & Gas,Ministry of Petroleum & Natural Gas,NRL,0
385,132.73,63,2755.5,90.52233902759525,0.3447532467532467,0.6743353097526068,Oil & Gas,Ministry of Petroleum & Natural Gas,Mangalore Refinary and Petrochemicals Limited,0
911,1004.0,97,2755.5,90.52233902759525,1.102085620197585,0.6743353097526068,Oil & Gas,Ministry of Petroleum & Natural Gas,Gas Authority of India Limited [GAIL],1
1486,184.56,17,541.0,17.772667542706962,0.1241991924629878,0.9565249537892792,Oil & Gas,Ministry of Petroleum & Natural Gas,Ministry of Petroleum & Natural Gas,1
2380,1652.62,61,2755.5,90.52233902759525,0.6943781512605042,0.6743353097526068,Oil & Gas,Ministry of Petroleum & Natural Gas,Ministry of Petroleum & Natural Gas,1
631,505.07,77,2755.5,90.52233902759525,0.8004278922345484,0.6743353097526068,Oil & Gas,Ministry of Petroleum & Natural Gas,Oil and Natural Gas Corporation Limited [ONGC],1
1163,1156.9,94,2755.5,90.52233902759525,0.9947549441100604,0.6743353097526068,Oil & Gas,Ministry of Petroleum & Natural Gas,Oil and Natural Gas Corporation Limited [ONGC],0
886,765.43,73,2755.5,90.52233902759525,0.8639164785553047,0.6743353097526068,Oil & Gas,Ministry of Petroleum & Natural Gas,Oil and Natural Gas Corporation Limited [ONGC],1
622,192.66,83,2755.5,90.52233902759525,0.3097427652733119,0.6743353097526068,Oil & Gas,Ministry of Petroleum & Natural Gas,Bharat Petroleum Corporation Limited [BPCL],0
249,209.42,93,2755.5,90.52233902759525,0.8410441767068273,0.6743353097526068,Oil & Gas,Ministry of Petroleum & Natural Gas,Oil and Natural Gas Corporation Limited [ONGC],1
260,1.11,25,2755.5,90.52233902759525,0.0042692307692307,0.6743353097526068,Oil & Gas,Ministry of Petroleum & Natural Gas,MinistryofPetroleumNaturalGas,1
837,205.78,49,2755.5,90.52233902759525,0.2458542413381123,0.6743353097526068,Oil & Gas,Ministry of Petroleum & Natural Gas,Oil and Natural Gas Corporation Limited [ONGC],1
463,264.44,82,2755.5,90.52233902759525,0.5711447084233261,0.6743353097526068,Oil & Gas,Ministry of Petroleum & Natural Gas,Ministry of Petroleum & Natural Gas,1
340,88.08,24,2755.5,90.52233902759525,0.2590588235294118,0.6743353097526068,Oil & Gas,Ministry of Petroleum & Natural Gas,MinistryofPetroleumNaturalGas,1
4460,255.64,12,2755.5,90.52233902759525,0.0573183856502242,0.6743353097526068,Oil & Gas,Ministry of Petroleum & Natural Gas,MinistryofPetroleumNaturalGas,0
860,566.18,98,2755.5,90.52233902759525,0.6583488372093023,0.6743353097526068,Oil & Gas,Ministry of Petroleum & Natural Gas,Ministry of Petroleum & Natural Gas,0
2212,11.52,7,2755.5,90.52233902759525,0.0052079566003616,0.6743353097526068,Oil & Gas,Ministry of Petroleum & Natural Gas,Ministry of Petroleum and Natural Gas,0
1800,1293.71,60,2680.0,88.04204993429697,0.7187277777777777,0.681492537313433,Railways,Ministry of Coal,Ministry of Coal,0
177,0.0,0,2755.5,90.52233902759525,0.0,0.6743353097526068,Railways,Ministry of Railways,SECR,0
793,894.16,50,4126.0,135.5453350854139,1.1275662042875156,0.3688802714493456,Railways,Ministry of Railways,Central Railway [CR] - II,1
1035,1692.0,97,2772.0,91.06438896189223,1.6347826086956525,1.0651803751803752,Railways,Ministry of Railways,Central Railway [CR] - II,1
1385,1102.48,77,3586.0,117.80551905387648,0.796014440433213,0.6536196319018406,Railways,Ministry of Railways,Central Railway [CR] - II,0
540,724.75,80,3771.0,123.88304862023652,1.3421296296296297,0.6457703526915938,Railways,Ministry of Railways,Central Railway [CR] - II,1
177,0.0,0,2755.5,90.52233902759525,0.0,0.6743353097526068,Railways,Ministry of Railways,SECR,1
177,0.76,2,2755.5,90.52233902759525,0.0042937853107344,0.6743353097526068,Railways,Ministry of Railways,SECR,1
169,10.13,4,2755.5,90.52233902759525,0.0599408284023668,0.6743353097526068,Railways,Ministry of Railways,SECR,1
962,132.63,16,1517.0,49.83574244415243,0.1378690228690228,0.3210547132498352,Railways,Ministry of Railways,Western Railway,0
328,48.02,25,2755.5,90.52233902759525,0.1464024390243902,0.6743353097526068,Railways,Ministry of Railways,SECR,1
638,969.0,80,3177.0,104.36925098554534,1.5188087774294672,0.7665092854894554,Railways,Ministry of Railways,Central Railway [CR] - II,1
418,223.0,86,1491.0,48.98160315374507,0.5334928229665071,1.7557612340710933,Railways,Ministry of Railways,Western Railway [WR] - II,0
1390,123.0,25,1855.0,60.939553219448094,0.0884892086330935,0.4102425876010782,Railways,Ministry of Railways,CAO/C/NCR,0
2539,4725.34,92,9951.0,326.9053876478318,1.8611027963765263,0.2814269922620842,Railways,Ministry of Railways,Central Railways,1
758,315.37,55,2132.0,70.03942181340341,0.4160554089709762,0.7852720450281427,Railways,Ministry of Railways,CAO/C/NCR,1
1457,50.0,8,2252.0,73.98160315374507,0.0343170899107755,0.1081349911190053,Railways,Ministry of Railways,North Central Railway,0
1605,1311.39,33,2102.0,69.053876478318,0.8170654205607477,0.4778877259752616,Railways,Ministry of Railways,East Central Railway [ECR] - II,1
1378,670.74,35,1959.0,64.35611038107753,0.4867489114658926,0.5438489025012762,Railways,Ministry of Railways,South Western Railway [SWR] - II,1
258,0.83,0,3165.0,103.97503285151116,0.0032170542635658,0.0,Railways,Ministry of Railways,CAO/C/ECoR,0
950,507.02,86,1856.0,60.972404730617605,0.5337052631578947,1.4104741379310346,Railways,Ministry of Railways,North Eastern Railway [NER],0
4940,1217.13,8,4410.0,144.87516425755584,0.2463825910931174,0.055219954648526,Railways,Ministry of Railways,North Eastern Railway [NER],0
499,595.0,97,2101.0,69.02102496714849,1.192384769539078,1.4053688719657305,Railways,Ministry of Railways,Karnataka Rail Infrastructure Development Company Limited [K-RIDE],0
407,317.0,75,2281.0,74.93429697766096,0.7788697788697788,1.000876808417361,Railways,Ministry of Railways,CAO/C/NR,0
736,712.0,50,4017.0,131.96452036793693,0.967391304347826,0.3788897186955439,Railways,Ministry of Railways,Central Railway [CR] - II,1
1591,0.75,0,2671.0,87.74638633377135,0.0004714016341923,0.0,Railways,Ministry of Railways,South Western Railway [SWR] - II,0
1284,1298.0,80,3344.0,109.85545335085412,1.010903426791277,0.7282296650717703,Railways,Ministry of Railways,East Coast Railway [ECoR] - II,0
250,118.0,15,2525.0,82.95006570302233,0.472,0.1808316831683168,Railways,Ministry of Railways,CAO/C/NCR,1
13447,6391.15,59,6484.0,213.00919842312743,0.4752844500632111,0.2769833436150524,Railways,Ministry of Railways,RVNL - II,0
2529,2051.69,94,2497.0,82.03022339027595,0.8112653222617635,1.1459191029235083,Railways,Ministry of Railways,RVNL - II,1
471,187.33,57,1854.0,60.906701708278575,0.397728237791932,0.9358576051779935,Railways,Ministry of Railways,North Western Railway [NWR],0
1376,218.0,18,2951.0,96.9448094612352,0.1584302325581395,0.1856726533378516,Railways,Ministry of Railways,South East Central Railway [SECR] - II,1
297,193.22,30,4718.0,154.9934296977661,0.6505723905723906,0.1935565917761763,Railways,Ministry of Railways,East Coast Railway [ECoR] - II,0
1016,1113.75,70,2698.0,88.63337713534823,1.09621062992126,0.7897702001482579,Railways,Ministry of Railways,North Eastern Railway [NER],1
1540,506.73,31,3241.0,106.47174770039422,0.3290454545454545,0.2911570502931194,Railways,Ministry of Railways,Northen Railway [NR],0
963,906.0,95,4352.0,142.96977660972405,0.940809968847352,0.6644761029411764,Railways,Ministry of Railways,North Eastern Railway [NER],1
1794,1800.85,80,6247.0,205.22339027595268,1.003818283166109,0.3898191131743237,Railways,Ministry of Railways,Western Railway [WR] - II,0
241,71.0,0,4290.0,140.9329829172142,0.2946058091286307,0.0,Railways,Ministry of Railways,South East Central Railway [SECR] - II,1
1209,405.31,9,5936.0,195.00657030223388,0.3352440033085194,0.0461522911051213,Railways,Ministry of Railways,Northeast Frontier Railway [NFR],0
749,0.0,0,3348.0,109.9868593955322,0.0,0.0,Railways,Ministry of Railways,South Western Railway [SWR] - II,0
1628,1440.85,82,5921.0,194.5137976346912,0.8850429975429975,0.4215639250126667,Railways,Ministry of Railways,RVNL - II,0
819,471.0,86,1855.0,60.939553219448094,0.575091575091575,1.411234501347709,Railways,Ministry of Railways,North Western Railway [NWR],1
969,411.0,45,2007.0,65.93298291721419,0.4241486068111455,0.6825112107623319,Railways,Ministry of Railways,North Western Railway [NWR],0
747,392.0,39,-1127.0,-37.023653088042046,0.5247657295850067,0.6743353097526068,Railways,Ministry of Railways,North Central Railway,0
493,234.48,9,2891.0,94.9737187910644,0.4756186612576065,0.094763057765479,Railways,Ministry of Railways,CR,1
6663,5202.29,79,3500.0,114.98028909329828,0.7807729251088098,0.6870742857142857,Railways,Ministry of Railways,Northeast Frontier Railway [NFR],0
351,494.0,98,2993.0,98.3245729303548,1.4074074074074074,0.9966989642499166,Railways,Ministry of Railways,North Eastern Railway [NER],1
2081,2769.0,88,3010.0,98.88304862023652,1.3306102835175395,0.8899401993355482,Railways,Ministry of Railways,Central Railway [CR] - II,1
3029,2458.15,85,3378.0,110.9724047306176,0.8115384615384615,0.7659561870929544,Railways,Ministry of Railways,South Eastern Railway - JH,0
2445,3122.0,100,3927.0,129.00788436268067,1.2768916155419223,0.7751464222052458,Railways,Ministry of Railways,Indian Railway Construction International Limited [IRCON],1
1589,1541.7,92,2596.0,85.28252299605782,0.970232850849591,1.0787673343605546,Railways,Ministry of Railways,East Coast Railway [ECoR] - II,1
2500,2033.31,70,2305.0,75.7227332457293,0.8133239999999999,0.9244251626898048,Railways,Ministry of Railways,East Coast Railway [ECoR] - II,0
4060,3683.75,93,3497.0,114.88173455978976,0.9073275862068966,0.809528167000286,Railways,Ministry of Railways,Northeast Frontier Railway [NFR],1
8964,8097.47,80,5770.0,189.5532194480946,0.9033322177599288,0.4220450606585789,Railways,Ministry of Railways,RVNL - II,0
601,283.0,17,1824.0,59.92115637319316,0.4708818635607321,0.2837061403508772,Railways,Ministry of Railways,SR-ERS,0
1473,2824.8,91,7529.0,247.33902759526936,1.917718940936864,0.3679160579094169,Railways,Ministry of Railways,East Central Railway [ECR] - II,1
2842,1721.14,30,5112.0,167.93692509855452,0.6056087262491203,0.1786384976525821,Railways,Ministry of Railways,South Western Railway [SWR] - II,1
190,0.0,0,1847.0,60.67674113009198,0.0,0.0,Railways,Ministry of Railways,East Coast Railway [ECoR] - II,0
1171,848.0,82,4991.0,163.96189224704335,0.7241673783091375,0.5001162091765178,Railways,Ministry of Railways,SECR,0
686,536.04,59,2978.0,97.83180026281208,0.7813994169096209,0.6030758898589658,Railways,Ministry of Railways,East Central Railway [ECR] - II,0
352,18.0,25,1491.0,48.98160315374507,0.0511363636363636,0.5103957075788061,Railways,Ministry of Railways,South Central Railway [SCR] - II,0
819,471.0,98,2800.0,91.98423127463865,0.575091575091575,1.0654,Railways,Ministry of Railways,North Western Railway [NWR],1
3733,4112.59,92,3197.0,105.0262812089356,1.1016849718724886,0.8759712230215828,Railways,Ministry of Railways,South Central Railway [SCR] - II,1
890,391.73,89,-27.0,-0.8869908015768725,0.4401460674157303,0.6743353097526068,Railways,Ministry of Railways,Central Organisation for Railway Electrification [CORE],0
2913,2751.0,83,5114.0,168.00262812089355,0.9443872296601442,0.4940398904966758,Railways,Ministry of Railways,North Central Railway,0
2067,1908.49,74,4561.0,149.83574244415243,0.9233139816158684,0.4938741504056128,Railways,Ministry of Railways,East Central Railway [ECR] - I,1
482,461.0,96,-7641.0,-251.0183968462549,0.9564315352697096,0.6743353097526068,Railways,Ministry of Railways,WR,1
5060,5007.82,86,6209.0,203.9750328515112,0.989687747035573,0.4216202287002737,Railways,Ministry of Railways,RVNL - II,0
744,969.05,95,2755.5,90.52233902759525,1.302486559139785,0.6743353097526068,Railways,Ministry of Railways,RVNL,1
1878,2628.8,89,3927.0,129.00788436268067,1.3997870074547392,0.6898803157626687,Railways,Ministry of Railways,South Western Railway [SWR] - II,1
7474,1658.03,22,4058.0,133.31143232588698,0.2218397109981268,0.165027106949236,Railways,Ministry of Railways,RVNL - II,0
2450,1815.49,52,3862.0,126.87253613666228,0.7410163265306122,0.4098601760745728,Railways,Ministry of Railways,Central Railway [CR] - II,0
1547,1308.2,90,3036.0,99.73718791064388,0.8456367162249515,0.9023715415019764,Railways,Ministry of Railways,East Coast Railway [ECoR] - II,0
357,579.0,95,2342.0,76.93823915900131,1.6218487394957983,1.2347566182749787,Railways,Ministry of Railways,RVNL,1
722,1100.0,70,2698.0,88.63337713534823,1.5235457063711912,0.7897702001482579,Railways,Ministry of Railways,CAO/C/II/NR,1
1000,401.61,36,2755.5,90.52233902759525,0.40161,0.6743353097526068,Railways,Ministry of Railways,East Coast Railway [ECoR] - II,0
819,588.32,75,2414.0,79.3035479632063,0.7183394383394384,0.9457332228666115,Railways,Ministry of Railways,East Central Railway [ECR] - I,0
2002,1884.84,93,2008.0,65.9658344283837,0.9414785214785214,1.4098207171314745,Railways,Ministry of Railways,CAO/C/NCR,0
4330,1989.0,53,2952.0,96.97766097240472,0.4593533487297921,0.5465176151761518,Railways,Ministry of Railways,North Central Railway,0
2140,2124.15,88,2975.0,97.73324572930356,0.9925934579439252,0.9004100840336134,Railways,Ministry of Railways,SECR,1
402,361.0,86,4294.0,141.06438896189223,0.8980099502487562,0.6096506753609688,Railways,Ministry of Railways,Indian Railway Construction International Limited [IRCON],1
4835,4361.23,59,6145.0,201.8725361366623,0.9020124095139608,0.2922636289666395,Railways,Ministry of Railways,RVNL - II,1
493,3.0,1,2312.0,75.9526938239159,0.0060851926977687,0.0131660899653979,Railways,Ministry of Railways,WR,0
825,770.18,83,4172.0,137.05650459921156,0.9335515151515152,0.6055896452540748,Railways,Ministry of Railways,South Western Railway [SWR] - II,0
1000,1029.97,67,4233.0,139.0604467805519,1.02997,0.4818048665249232,Railways,Ministry of Railways,Eastern Railway [ER] - I,0
350,0.0,0,1056.0,34.69119579500657,0.0,0.0,Railways,Ministry of Railways,Eastern Railway [ER] - I,1
836,9.29,1,2755.5,90.52233902759525,0.0111124401913875,0.6743353097526068,Railways,Ministry of Railways,Central Railway [CR] - II,0
2478,3295.49,90,2128.0,69.90801576872536,1.3298991121872477,1.287406015037594,Railways,Ministry of Railways,West Central Railway WCR I,1
1248,1537.77,92,3105.0,102.00394218134034,1.2321875,0.901925925925926,Railways,Ministry of Railways,Indian Railway Construction International Limited [IRCON],0
1953,2915.49,90,4352.0,142.96977660972405,1.492826420890937,0.6295036764705882,Railways,Ministry of Railways,South Central Railway [SCR] - II,1
614,479.22,55,2082.0,68.39684625492772,0.7804885993485342,0.8041306436119117,Railways,Ministry of Railways,East Central Railway [ECR] - I,1
3250,3176.46,97,3129.0,102.79237844940867,0.9773723076923077,0.9436497283477148,Railways,Ministry of Railways,RVNL - II,0
3055,2574.54,94,939.0,30.847568988173453,0.8427299509001637,3.0472417465388717,Railways,Ministry of Railways,Indian Railway Construction International Limited [IRCON],1
3792,4983.45,89,11963.0,393.0026281208935,1.3142009493670883,0.2264615899021984,Railways,Ministry of Railways,East Coast Railway [ECoR] - II,1
1626,2060.97,92,7421.0,243.79106438896187,1.2675092250922508,0.3773723217895163,Railways,Ministry of Railways,East Central Railway [ECR] - II,1
2362,1787.49,68,4376.0,143.75821287779235,0.7567696867061812,0.4730164533820841,Railways,Ministry of Railways,East Coast Railway [ECoR] - II,0
2501,1264.18,29,6940.0,227.98948751642573,0.5054698120751699,0.1271988472622478,Railways,Ministry of Railways,South Central Railway [SCR] - II,0
813,292.15,15,1458.0,47.89750328515112,0.3593480934809347,0.3131687242798354,Railways,Ministry of Railways,Southern Railway [SR] - II,0
304,214.0,65,2841.0,93.3311432325887,0.7039473684210527,0.6964449137627595,Railways,Ministry of Railways,North Central Railway,1
8914,4971.65,70,7371.0,242.1484888304862,0.5577350235584474,0.2890788224121557,Railways,Ministry of Railways,North Central Railway,0
473,284.26,4,1768.0,58.08147174770039,0.6009725158562368,0.068868778280543,Railways,Ministry of Railways,South Eastern Railway [SER] - I,0
238,118.0,55,2222.0,72.99605781865965,0.4957983193277311,0.7534653465346536,Railways,Ministry of Railways,CAO/C/NR,0
342,0.0,0,1916.0,62.94349540078844,0.0,0.0,Railways,Ministry of Railways,South Western Railway [SWR] - II,1
1160,1713.38,71,3910.0,128.44940867279894,1.477051724137931,0.5527468030690538,Railways,Ministry of Railways,South Central Railway [SCR] - II,1
297,123.17,15,5203.0,170.92641261498028,0.4147138047138047,0.0877570632327503,Railways,Ministry of Railways,South Western Railway [SWR] - II,0
5961,4928.62,94,3308.0,108.67279894875163,0.8268109377621204,0.864981862152358,Railways,Ministry of Railways,RVNL - II,0
844,693.0,68,1534.0,50.39421813403416,0.8210900473933649,1.349361147327249,Railways,Ministry of Railways,Western Railway [WR] - II,1
262,203.0,58,4594.0,150.91984231274637,0.7748091603053435,0.384309969525468,Railways,Ministry of Railways,SECR,0
359,40.0,1,3231.0,106.14323258869908,0.1114206128133704,0.0094212318167749,Railways,Ministry of Railways,Southern Railway [SR] - I,0
2649,1399.0,62,4041.0,132.75295663600525,0.5281238203095507,0.4670329126453848,Railways,Ministry of Railways,North Central Railway,0
311,208.0,92,2289.0,75.19710906701708,0.6688102893890675,1.2234512887723896,Railways,Ministry of Railways,Western Railway,0
33690,2246.15,16,3196.0,104.99342969776608,0.0666711190264173,0.1523904881101377,Railways,Ministry of Railways,Mumbai Rail Vikas Corporation Ltd.[MRVC],0
8087,7364.0,87,2152.0,70.69645203679369,0.9105972548534684,1.2306133828996284,Railways,Ministry of Railways,Mumbai Rail Vikas Corporation Ltd.[MRVC],0
10947,5057.67,60,1947.0,63.96189224704336,0.4620142504795834,0.9380585516178738,Railways,Ministry of Railways,Mumbai Rail Vikas Corporation Ltd.[MRVC],0
108000,78690.9,53,4536.0,149.01445466491458,0.7286194444444444,0.3556701940035273,Railways,Ministry of Railways,National High Speed Rail Corporation [NHSRC],0
435,901.0,56,2755.5,90.52233902759525,2.071264367816092,0.6743353097526068,Railways,Ministry of Railways,Northeast Frontier Railway [NFR],1
1586,1586.82,99,2313.0,75.9855453350854,1.0005170239596468,1.3028793774319067,Railways,Ministry of Railways,East Central Railway [ECR] - II,0
462,75.0,7,2755.5,90.52233902759525,0.1623376623376623,0.6743353097526068,Railways,Ministry of Railways,WR,0
2312,2179.0,54,5539.0,181.96452036793693,0.9424740484429066,0.2967611482217007,Railways,Ministry of Railways,South Central Railway [SCR] - II,1
713,598.38,80,6459.0,212.1879106438896,0.8392426367461431,0.3770243071682923,Railways,Ministry of Railways,Southern Railway [SR] - II,1
1400,1472.0,80,2283.0,75.0,1.0514285714285714,1.0666666666666669,Railways,Ministry of Railways,MRIDC,0
2018,1848.0,74,15616.0,513.0091984231275,0.9157581764122894,0.1442469262295082,Railways,Ministry of Railways,Northen Railway [NR],0
2400,2188.0,65,2491.0,81.83311432325887,0.9116666666666666,0.7942994781212365,Railways,Ministry of Railways,South Eastern Railway [SER] - I,0
2650,4152.4,96,7215.0,237.02365308804204,1.566943396226415,0.405022869022869,Railways,Ministry of Railways,Northeast Frontier Railway [NFR],1
437,43.0,15,2755.5,90.52233902759525,0.0983981693363844,0.6743353097526068,Railways,Ministry of Railways,SECR,1
410,6.0,4,1825.0,59.95400788436268,0.0146341463414634,0.066717808219178,Railways,Ministry of Railways,PCE/WR,1
1942,3412.98,67,5367.0,176.31406044678053,1.7574562306900103,0.3800037264766164,Railways,Ministry of Railways,Western Railway [WR] - II,1
2565,2063.57,66,4017.0,131.96452036793693,0.8045107212475634,0.500134428678118,Railways,Ministry of Railways,South Western Railway [SWR] - II,1
495,306.0,46,3286.0,107.95006570302232,0.6181818181818182,0.4261229458307973,Railways,Ministry of Railways,Western Railway [WR] - II,1
1096,1056.18,89,2215.0,72.76609724047306,0.9636678832116788,1.223097065462754,Railways,Ministry of Railways,Western Railway [WR] - II,0
170,0.0,0,2755.5,90.52233902759525,0.0,0.6743353097526068,Railways,Ministry of Railways,SECR,1
4830,2764.13,32,5781.0,189.91458607095925,0.5722836438923395,0.1684967998616156,Railways,Ministry of Railways,"Metro Railway, Kolkata",0
955,118.0,2,2755.5,90.52233902759525,0.1235602094240837,0.6743353097526068,Railways,Ministry of Railways,CR,1
308,267.83,60,2556.0,83.96846254927726,0.8695779220779221,0.7145539906103286,Railways,Ministry of Railways,South Western Railway [SWR] - II,0
307,82.0,8,2952.0,96.97766097240472,0.2671009771986971,0.0824932249322493,Railways,Ministry of Railways,PCE/WR,1
734,475.73,99,6103.0,200.4927726675427,0.6481335149863761,0.4937833852203834,Railways,Ministry of Railways,Southern Railways [SR] - construction,1
1178,1489.5,85,2772.0,91.06438896189223,1.2644312393887946,0.9334054834054832,Railways,Ministry of Railways,South Eastern Railway [SER] - I,1
2555,763.08,48,5114.0,168.00262812089355,0.2986614481409002,0.2857098161908487,Railways,Ministry of Railways,Eastern Railway [ER] - I,0
3627,6548.0,84,3185.0,104.63206307490144,1.8053487730907083,0.8028131868131869,Railways,Ministry of Railways,Central Railway [CR] - II,1
152,20.0,68,1154.0,37.91064388961892,0.131578947368421,1.7936915077989604,Railways,Ministry of Railways,PCE/WR,1
1081,731.0,72,1850.0,60.77529566360053,0.6762257169287696,1.1846918918918918,Railways,Ministry of Railways,Western Railway [WR] - II,0
3545,3163.08,95,3036.0,99.73718791064388,0.8922651622002821,0.9525032938076416,Railways,Ministry of Railways,South East Central Railway [SECR] - II,0
3032,3592.92,70,9035.0,296.81340341655715,1.185,0.2358384061981184,Railways,Ministry of Railways,West Central Railway [WCR] - II,1
2374,1777.0,85,3197.0,105.0262812089356,0.7485256950294861,0.809321238661245,Railways,Ministry of Railways,Indian Railway Construction International Limited [IRCON],0
5678,4314.0,87,6938.0,227.92378449408676,0.7597745685100388,0.3817065436725281,Railways,Ministry of Railways,Western Railway [WR] - II,1
2496,1691.88,67,2739.0,89.98028909329828,0.6778365384615385,0.7446075209930633,Railways,Ministry of Railways,South Western Railway [SWR] - II,0
302,381.0,50,3561.0,116.98423127463865,1.2615894039735098,0.4274080314518393,Railways,Ministry of Railways,South Central Railway [SCR] - I,1
352,239.01,59,1610.0,52.890932982917214,0.6790056818181818,1.1155031055900622,Railways,Ministry of Railways,North Western Railway [NWR],0
38953,24645.2,65,3338.0,109.65834428383704,0.6326906785099993,0.5927501497902936,Railways,Ministry of Railways,RVNL - II,0
245,82.0,35,1490.0,48.94875164257556,0.3346938775510204,0.7150335570469799,Railways,Ministry of Railways,South Eastern Railway [SER] - I,0
1216,2039.0,91,2855.0,93.79106438896189,1.6768092105263157,0.9702416812609458,Railways,Ministry of Railways,East Central Railway [ECR] - II,1
1320,457.35,3,3529.0,115.9329829172142,0.3464772727272727,0.0258770189855483,Railways,Ministry of Railways,North Eastern Railway [NER],0
462,178.45,6,3520.0,115.63731931668856,0.3862554112554112,0.0518863636363636,Railways,Ministry of Railways,Eastern Railway [ER] - I,0
735,605.0,78,9406.0,309.0013140604468,0.8231292517006803,0.2524261109929832,Railways,Ministry of Railways,East Central Railway [ECR] - I,0
519,337.03,82,2755.5,90.52233902759525,0.649383429672447,0.6743353097526068,Railways,Ministry of Railways,East Central Railway [ECR] - I,0
670,102.0,12,2613.0,85.84099868593955,0.1522388059701492,0.1397933409873708,Railways,Ministry of Railways,PCE/WR,1
350,87.0,32,2891.0,94.9737187910644,0.2485714285714285,0.3369353164994811,Railways,Ministry of Railways,PCE/WR,0
500,561.26,80,3803.0,124.93429697766096,1.12252,0.6403365763870629,Railways,Ministry of Railways,West Central Railway [WCR] - II,1
304,134.0,35,1216.0,39.94743758212878,0.4407894736842105,0.8761513157894737,Railways,Ministry of Railways,North Western Railway [NWR],0
1454,69.58,11,2755.5,90.52233902759525,0.0478541953232462,0.6743353097526068,Railways,Ministry of Railways,South Western Railway [SWR] - II,0
7877,8883.6,80,2039.0,66.98423127463863,1.1277897676780502,1.194310936733693,Railways,Ministry of Railways,Indian Railway Construction International Limited [IRCON],1
905,1150.0,10,3370.0,110.7095926412615,1.270718232044199,0.0903264094955489,Railways,Ministry of Railways,WR,1
495,29.5,1,3256.0,106.96452036793691,0.0595959595959596,0.0093488943488943,Railways,Ministry of Railways,CAO/C/ECoR,0
1928,1902.91,47,7670.0,251.9710906701708,0.9869865145228216,0.1865293350717079,Railways,Ministry of Railways,East Coast Railway [ECoR] - II,0
1189,1287.05,90,6574.0,215.9658344283837,1.0824642556770394,0.4167325829023426,Railways,Ministry of Railways,Eastern Railway [ER] - I,1
2798,1891.9,14,2932.0,96.32063074901446,0.6761615439599714,0.1453478854024556,Railways,Ministry of Railways,North Western Railway [NWR],0
2595,3142.35,92,3059.0,100.49277266754272,1.2109248554913294,0.9154887218045112,Railways,Ministry of Railways,South Central Railway [SCR] - II,1
8975,4950.0,88,3414.0,112.1550591327201,0.5515320334261838,0.7846280023432923,Railways,Ministry of Railways,RVNL - II,0
3631,1113.53,18,2993.0,98.3245729303548,0.3066730928118975,0.1830671566989642,Railways,Ministry of Railways,Southern Railway [SR] - II,0
1432,2451.0,46,2407.0,79.0735873850197,1.7115921787709498,0.5817366015787288,Railways,Ministry of Railways,SR-ERS,1
1876,516.17,13,1979.0,65.01314060446781,0.2751439232409381,0.1999595755432036,Railways,Ministry of Railways,South Western Railway [SWR] - II,0
415,364.0,96,1491.0,48.98160315374507,0.8771084337349397,1.959919517102616,Railways,Ministry of Railways,PCE/WR,1
647,870.0,91,3187.0,104.69776609724047,1.3446676970633693,0.8691684970191402,Railways,Ministry of Railways,South Central Railway [SCR] - II,1
6654,5922.0,90,3020.0,99.21156373193166,0.8899909828674482,0.9071523178807948,Railways,Ministry of Railways,RVNL - II,0
4803,5722.01,89,3856.0,126.6754270696452,1.1913408286487612,0.7025829875518672,Railways,Ministry of Railways,RVNL - II,1
1886,706.28,49,3605.0,118.42969776609723,0.3744856839872746,0.413747572815534,Railways,Ministry of Railways,South East Central Railway,0
3445,3002.93,50,3754.0,123.3245729303548,0.871677793904209,0.4054342035162493,Railways,Ministry of Railways,Central Railway [CR] - II,0
51101,124623.0,96,5145.0,169.0210249671485,2.438758537014931,0.5679766763848396,Railways,Ministry of Railways,DFCCIL,1
314,144.0,59,2101.0,69.02102496714849,0.4585987261146497,0.854811994288434,Railways,Ministry of Railways,Karnataka Rail Infrastructure Development Company Limited [K-RIDE],0
493,252.45,82,2930.0,96.25492772667542,0.5120689655172413,0.8519044368600683,Real Estate,Ministry of Railways,South Western Railway [SWR] - II,0
298,399.52,83,2755.5,90.52233902759525,1.3406711409395973,0.6743353097526068,Shipping,"Ministry of Ports, Shipping and Waterways","Haldia Dock Complex, Syama Prasad Mookerjee Port Authority",1
254,9.28,0,2755.5,90.52233902759525,0.0365354330708661,0.6743353097526068,Shipping,"Ministry of Ports, Shipping and Waterways","Haldia Dock Complex, Syama Prasad Mookerjee Port Authority",0
1034,883.23,51,946.0,31.07752956636005,0.8541876208897485,1.641057082452431,Steel,Ministry of Steel,Steel Authority of India Limited [SAIL],1
2907,3012.02,84,2789.0,91.62286465177398,1.036126590987272,0.9168017210469702,Steel,Ministry of Steel,National Mineral Development Corporation Limited [NMDC],1
337,225.71,97,684.0,22.47043363994744,0.6697626112759644,4.316783625730994,Telecommunication,Department of Telecommunications,Department of Telecommunications [DoT],0
28466,8332.52,92,1246.0,40.93298291721419,0.2927183306400618,2.2475762439807383,Telecommunication,Department of Telecommunications,Department of Telecommunications [DoT],0
422,126.45,96,2755.5,90.52233902759525,0.2996445497630332,0.6743353097526068,Telecommunication,Department of Telecommunications,Department of Telecommunications [DoT],0
61109,41486.1,81,2234.0,73.39027595269383,0.6788869070022419,1.1036884512085945,Telecommunication,Department of Telecommunications,Department of Telecommunications [DoT],1
26316,9291.8,72,694.0,22.798948751642573,0.3530855753153974,3.158040345821326,Telecommunication,Department of Telecommunications,Department of Telecommunications [DoT],1
5178,4470.0,97,689.0,22.634691195795007,0.8632676709154113,4.285457184325109,"Tourism, Hospitality & Wellness",Department for Promotion of Industry & Internal Trade,India International Convention & Expo Centre,1
573,487.35,66,1864.0,61.23521681997372,0.8505235602094241,1.0778111587982833,"Tourism, Hospitality & Wellness","Ministry of Ports, Shipping and Waterways",Indian Port Rail & Ropeway Corporation Ltd. [IPRCL],1
5111,5253.47,96,1491.0,48.98160315374507,1.027875171199374,1.959919517102616,Transmission & Distribution,Ministry of Power,Power Grid Corporation of India Limited [POWERGRID],1
1168,1013.39,91,741.0,24.342969776609724,0.8676284246575342,3.738245614035088,Transmission & Distribution,Ministry of Power,Power Grid Corporation of India Limited [POWERGRID],0
1666,2139.28,95,568.0,18.65965834428384,1.2840816326530613,5.091197183098592,Transmission & Distribution,Ministry of Power,Power Grid Corporation of India Limited [POWERGRID],1
1433,1341.7,93,552.0,18.134034165571617,0.9362875087229588,5.128478260869565,Transmission & Distribution,Ministry of Power,Power Grid Corporation of India Limited [POWERGRID],0
10773,11857.9,99,1230.0,40.40735873850197,1.100705467372134,2.450048780487805,Urban Public Transport,Ministry of Housing & Urban Affairs,Gujarat Metro Rail Corporation Limited [GMRCL],1
14788,8424.54,53,1849.0,60.74244415243101,0.5696875845279957,0.8725365062195781,Urban Public Transport,Ministry of Housing & Urban Affairs,Bengaluru Metro Rail,1
26405,29478.0,94,2586.0,84.95400788436268,1.1163794735845485,1.1064810518174788,Urban Public Transport,Ministry of Housing & Urban Affairs,Bengaluru Metro Rail,1
30274,25812.3,86,2307.0,75.78843626806832,0.8526227125586311,1.1347377546597313,Urban Public Transport,Ministry of Housing & Urban Affairs,National Capital Region Transport Corporation [NCRTC],0
23136,27519.1,92,3543.0,116.39290407358736,1.1894493430152142,0.7904261924922383,Urban Public Transport,Ministry of Housing & Urban Affairs,Mumbai Metro Rail Corporation Limited [MMRC],1
13366,4039.77,40,1825.0,59.95400788436268,0.3022422564716445,0.6671780821917808,Urban Public Transport,Ministry of Housing & Urban Affairs,Patna Metro Rail Corporation Ltd. [PMRCL],0
2298,393.0,17,6135.0,201.54402102496715,0.171018276762402,0.0843488182559087,Urban Public Transport,Ministry of Railways,RVNL - II,1
741,3218.3,100,2755.5,90.52233902759525,4.343184885290149,0.6743353097526068,Water Resources,"Department of Water Resources, River Development & GR",Irrigation & Water Resources-UP,1
334,803.89,100,2755.5,90.52233902759525,2.40685628742515,0.6743353097526068,Water Resources,"Department of Water Resources, River Development & GR",Department of water resources-MH - II,1
210,1697.94,97,2755.5,90.52233902759525,8.085428571428572,0.6743353097526068,Water Resources,"Department of Water Resources, River Development & GR",Department of water resources-MH - II,1
1229,1807.2,79,2755.5,90.52233902759525,1.4704637917005696,0.6743353097526068,Water Resources,"Department of Water Resources, River Development & GR",Water Resources-MP,1
751,777.99,74,2755.5,90.52233902759525,1.0359387483355529,0.6743353097526068,Water Resources,"Department of Water Resources, River Development & GR",Water Resources-MP,1
1353,2689.7,98,2755.5,90.52233902759525,1.9879526977087951,0.6743353097526068,Water Resources,"Department of Water Resources, River Development & GR",Department of water resources-MH - II,1
691,978.51,87,2755.5,90.52233902759525,1.4160781476121562,0.6743353097526068,Water Resources,"Department of Water Resources, River Development & GR",Irrigation and CAD-TG,1
7196,13533.3,72,750.0,24.638633377135346,1.8806698165647584,2.9222400000000004,Water Resources,"Department of Water Resources, River Development & GR",Department of water resources-MH - II,1
397,610.89,98,2755.5,90.52233902759525,1.538765743073048,0.6743353097526068,Water Resources,"Department of Water Resources, River Development & GR",Water Resources-AP,1
1331,4491.08,92,2755.5,90.52233902759525,3.374214876033058,0.6743353097526068,Water Resources,"Department of Water Resources, River Development & GR",Irrigation and CAD-TG,1
567,2629.74,62,2755.5,90.52233902759525,4.637989417989417,0.6743353097526068,Water Resources,"Department of Water Resources, River Development & GR",Water Resources-OR,1
760,0.0,0,2755.5,90.52233902759525,0.0,0.6743353097526068,Water Resources,"Department of Water Resources, River Development & GR",Irrigation and CAD-TG,1
8201,4558.89,87,2755.5,90.52233902759525,0.5558944031215706,0.6743353097526068,Water Resources,"Department of Water Resources, River Development & GR",Irrigation and CAD-TG,1
989,2563.56,79,2755.5,90.52233902759525,2.592072800808898,0.6743353097526068,Water Resources,"Department of Water Resources, River Development & GR",Irrigation and CAD-TG,1
460,616.93,71,2755.5,90.52233902759525,1.3411521739130434,0.6743353097526068,Water Resources,"Department of Water Resources, River Development & GR",Water Resources-CT,1
974,1069.82,90,3955.0,129.92772667542707,1.098377823408624,0.692692793931732,Water Resources,"Department of Water Resources, River Development & GR",Department of water resources-MH - II,1
256,1324.78,64,2755.5,90.52233902759525,5.174921875,0.6743353097526068,Water Resources,"Department of Water Resources, River Development & GR",Department of water resources-MH - II,1
1061,4415.24,82,2755.5,90.52233902759525,4.161394910461828,0.6743353097526068,Water Resources,"Department of Water Resources, River Development & GR",Irrigation & Water Resources-UP,1
211,623.5,73,2755.5,90.52233902759525,2.954976303317536,0.6743353097526068,Water Resources,"Department of Water Resources, River Development & GR",Department of water resources-MH - II,1
1622,142.1,32,2755.5,90.52233902759525,0.0876078914919852,0.6743353097526068,Water Resources,"Department of Water Resources, River Development & GR","Department of Water Resources, River Development & GR",1
648,172.56,3,2755.5,90.52233902759525,0.2662962962962963,0.6743353097526068,Water Resources,"Department of Water Resources, River Development & GR",Water resource-mp,1
10151,24347.8,83,4836.0,158.86990801576871,2.398561718057334,0.5224400330851944,Water Resources,"Department of Water Resources, River Development & GR",Water Resources-AP,1
571,469.66,44,2755.5,90.52233902759525,0.822521891418564,0.6743353097526068,Water Resources,"Department of Water Resources, River Development & GR",Water Resources-BR,1
848,690.49,69,2755.5,90.52233902759525,0.8142570754716981,0.6743353097526068,Water Resources,"Department of Water Resources, River Development & GR",Department of water resources-MH - II,1
1402,1839.76,100,2755.5,90.52233902759525,1.3122396576319544,0.6743353097526068,Water Resources,"Department of Water Resources, River Development & GR",Irrigation and CAD-TG,1
1441,2962.99,80,1974.0,64.84888304862024,2.0562040249826508,1.2336372847011146,Water Resources,"Department of Water Resources, River Development & GR",Department of Water Resources-PB,1
353,869.11,95,2755.5,90.52233902759525,2.4620679886685557,0.6743353097526068,Water Resources,"Department of Water Resources, River Development & GR",Water Resources-AP,1
5022,4954.99,90,2755.5,90.52233902759525,0.9866567104739148,0.6743353097526068,Water Resources,"Department of Water Resources, River Development & GR","Narmada and Water Resources, Water Supply and Kalpsar Department-GJ",1
20718,31767.6,93,2755.5,90.52233902759525,1.5333333333333332,0.6743353097526068,Water Resources,"Department of Water Resources, River Development & GR","Narmada and Water Resources, Water Supply and Kalpsar Department-GJ",1
2286,2072.33,80,4525.0,148.65308804204992,0.9065310586176728,0.5381657458563537,Water Resources,"Department of Water Resources, River Development & GR",Department of Water Resources-PB,1
736,940.7,96,2755.5,90.52233902759525,1.278125,0.6743353097526068,Water Resources,"Department of Water Resources, River Development & GR",Irrigation and CAD-TG,1
3808,5550.74,69,2755.5,90.52233902759525,1.4576523109243698,0.6743353097526068,Water Resources,"Department of Water Resources, River Development & GR",Department of Water Resources-JH,1
1449,1837.91,98,-733.0,-24.08015768725361,1.2683988957902002,0.6743353097526068,Water Resources,"Department of Water Resources, River Development & GR",Water Resources Department-MN,1
368,724.36,99,2755.5,90.52233902759525,1.9683695652173916,0.6743353097526068,Water Resources,"Department of Water Resources, River Development & GR",Department of water resources-MH - II,1
770,1511.22,99,2755.5,90.52233902759525,1.9626233766233767,0.6743353097526068,Water Resources,"Department of Water Resources, River Development & GR",Water Resources-KA,1
581,713.46,76,2755.5,90.52233902759525,1.2279862306368332,0.6743353097526068,Water Resources,"Department of Water Resources, River Development & GR",Department of water resources-MH - II,1
1059,1530.36,89,2755.5,90.52233902759525,1.445099150141643,0.6743353097526068,Water Resources,"Department of Water Resources, River Development & GR",Department of water resources-MH - II,1
