project_code,project_name,sector,ministry,agency,original_cost,revised_cost,expenditure,physical_progress,original_completion,revised_completion,sanction_date,delay_prediction,delay_probability,cost_overrun_prediction,cost_overrun_probability,overall_risk_score,overall_risk_percentage,overall_risk_level
701372,Sardar Sarovar Project,Water Resources,"Department of Water Resources, River Development & GR","Narmada and Water Resources, Water Supply and Kalpsar Department-GJ",20718,33412.5,31767.6,93,2019-12-31,2025-03-31,,1,1.0,1,1.0,1.0,100.0,High Risk
701406,Rajiv Bhima Lift Irrigation Scheme,Water Resources,"Department of Water Resources, River Development & GR",Irrigation and CAD-TG,1402,2509.66,1839.76,100,2019-12-31,2026-03-31,,1,1.0,1,1.0,1.0,100.0,High Risk
400097,Sardar Sarovar CADWM Project,Water Resources,"Department of Water Resources, River Development & GR","Narmada and Water Resources, Water Supply and Kalpsar Department-GJ",5022,6670.31,4954.99,90,2019-12-31,2025-03-31,,1,1.0,1,1.0,1.0,100.0,High Risk
400103,Indiramma Flood Flow Canal Project,Water Resources,"Department of Water Resources, River Development & GR",Irrigation and CAD-TG,1331,5940.09,4491.08,92,2019-12-31,2025-03-31,,1,1.0,1,1.0,1.0,100.0,High Risk
701384,Tillari Irrigation Project,Water Resources,"Department of Water Resources, River Development & GR",Department of water resources-MH - II,368,649.6,724.36,99,2019-12-31,2025-01-31,,1,1.0,1,1.0,1.0,100.0,High Risk
608922,Transmission System Strengthening Scheme for evacuation of power from SEZ in Rajasthan 8.1 GW under Phase II Part G,Transmission & Distribution,Ministry of Power,Power Grid Corporation of India Limited [POWERGRID],1666,2218.0,2139.28,95,2023-11-30,2025-11-30,2022-05-11,1,1.0,1,1.0,1.0,100.0,High Risk
701388,Bembla Irrigation Project,Water Resources,"Department of Water Resources, River Development & GR",Department of water resources-MH - II,1353,2685.41,2689.7,98,2019-12-31,2025-06-30,,1,1.0,1,1.0,1.0,100.0,High Risk
602579,Buxar Thermal Power Project [1320 MW],Electricity Generation,Ministry of Power,Satluj Jal Vidyut Nigam [SJVN] Thermal Limited,10439,13756.6,11971.0,92,2024-01-08,2025-11-30,2019-03-08,1,1.0,1,1.0,1.0,100.0,High Risk
602194,Khurja super Thermal Power Plant [2X660 MW],Electricity Generation,Ministry of Power,THDC India Limited,11089,13276.2,12429.0,96,2024-02-02,2025-08-31,2019-03-07,1,1.0,1,1.0,1.0,100.0,High Risk
605156,Rangit-IV HE Project [120 MW] executed by Jal Power Corporation Ltd. [JPCL] -A wholly owned subsidiary of NHPC Ltd. acquired through NCLT,Electricity Generation,Ministry of Power,National Highways & Infrastructure Development Corporation Ltd. [NHIDCL],938,1828.11,1554.15,90,2024-05-29,2025-12-28,2021-03-30,1,1.0,1,1.0,1.0,100.0,High Risk
400101,Gundlakamma project,Water Resources,"Department of Water Resources, River Development & GR",Water Resources-AP,397,697.39,610.89,98,2019-12-31,2027-03-31,,1,0.995,1,1.0,0.9975,99.75,High Risk
701390,Arjuna Medium Irrigation project,Water Resources,"Department of Water Resources, River Development & GR",Department of water resources-MH - II,334,611.0,803.89,100,2019-12-31,2024-12-31,,1,0.995,1,1.0,0.9975,99.75,High Risk
701391,Aruna Medium Irrigation Project,Water Resources,"Department of Water Resources, River Development & GR",Department of water resources-MH - II,210,1472.14,1697.94,97,2019-12-31,2025-01-31,,1,0.995,1,1.0,0.9975,99.75,High Risk
400109,Purna Barrage-2 [Ner Dhamana] Medium Irrigation Project,Water Resources,"Department of Water Resources, River Development & GR",Department of water resources-MH - II,848,888.43,690.49,69,2020-06-30,2025-06-30,,1,0.995,1,1.0,0.9975,99.75,High Risk
400429,Exhibition cum Convention Centre Dwarka [Phase I],"Tourism, Hospitality & Wellness",Department for Promotion of Industry & Internal Trade,India International Convention & Expo Centre,5178,5401.0,4470.0,97,2019-10-20,2025-01-31,2017-11-30,1,0.995,1,1.0,0.9975,99.75,High Risk
701371,Durgawati Reservoir Project,Water Resources,"Department of Water Resources, River Development & GR",Irrigation and CAD-TG,691,971.96,978.51,87,2019-12-31,2024-12-31,,1,0.995,1,1.0,0.9975,99.75,High Risk
602181,"TEESTA-VI HE PROJECT, SIKKIM [500 MW], executed by LANCO TEESTA HYDRO POWER LIMITED [A wholly owned Subsidiary of NHPC LTD. acquired through NCLT]",Electricity Generation,Ministry of Power,National Highways & Infrastructure Development Corporation Ltd. [NHIDCL],5748,5748.04,4495.28,68,2024-03-07,2027-12-31,2019-03-08,1,0.995,1,1.0,0.9975,99.75,High Risk
400105,Urmodi Irrigation Project,Water Resources,"Department of Water Resources, River Development & GR",Department of water resources-MH - II,581,895.81,713.46,76,2022-06-30,2025-06-30,,1,0.995,1,1.0,0.9975,99.75,High Risk
701383,Waghur Project,Water Resources,"Department of Water Resources, River Development & GR",Department of water resources-MH - II,1059,1758.51,1530.36,89,2019-12-31,2026-03-31,,1,0.995,1,1.0,0.9975,99.75,High Risk
602582,Dhaulasidh Hydro Electric Project [66 MW],Electricity Generation,Ministry of Power,Satluj Jal Vidyut Nigam [SJVN] Thermal Limited,688,1511.87,908.65,67,2025-11-05,2027-03-31,2020-10-01,1,0.995,1,1.0,0.9975,99.75,High Risk
602099,Establishment of Permanent campus Phase 1 of IIM Sirmaur,Education,Department of Higher Education,"Indian Institute of Management, Sirmaur",393,454.78,320.75,92,2023-10-31,2026-02-28,2018-09-17,1,0.99,1,1.0,0.995,99.5,High Risk
701398,Nardave Medium Irrigation Project,Water Resources,"Department of Water Resources, River Development & GR",Department of water resources-MH - II,211,781.85,623.5,73,2019-12-31,2025-03-31,,1,0.99,1,1.0,0.995,99.5,High Risk
400100,Sardar Gouthu Latchanna Thotapalli Barrage Project,Water Resources,"Department of Water Resources, River Development & GR",Water Resources-AP,353,1023.24,869.11,95,2019-12-31,2025-03-31,,1,0.99,1,1.0,0.995,99.5,High Risk
701376,"Subernarekha Multipurpose Project, Jharkhand",Water Resources,"Department of Water Resources, River Development & GR",Department of Water Resources-JH,3808,9579.58,5550.74,69,2019-12-31,2025-04-03,,1,0.995,1,0.995,0.995,99.5,High Risk
400102,Sri Ram Sagar Project Stage - II,Water Resources,"Department of Water Resources, River Development & GR",Irrigation and CAD-TG,736,949.87,940.7,96,2019-12-31,2024-12-31,,1,0.99,1,1.0,0.995,99.5,High Risk
400261,Patratu Thermal Power Station Expansion Project Phase-I [3x800 MW],Electricity Generation,Ministry of Power,National Thermal Power Corporation [NTPC],17112,20302.0,17365.0,81,2023-03-31,2026-11-30,2017-11-30,1,0.99,1,1.0,0.995,99.5,High Risk
400259,Ghatampur Thermal Power Plant 3 X 660 MW,Electricity Generation,Ministry of Coal,NLC India Limited [NLCIL],17238,21780.9,20135.5,92,2020-11-26,2025-10-31,,1,0.99,1,1.0,0.995,99.5,High Risk
701408,Madhya Ganga canal Phase-II,Water Resources,"Department of Water Resources, River Development & GR",Irrigation & Water Resources-UP,1061,4417.21,4415.24,82,2019-12-31,2024-12-31,,1,0.99,1,1.0,0.995,99.5,High Risk
701377,Upper Tunga Irrigation Project,Water Resources,"Department of Water Resources, River Development & GR",Water Resources-KA,770,1606.07,1511.22,99,2019-12-31,2025-03-31,,1,0.99,1,1.0,0.995,99.5,High Risk
701386,Gosikhurd Project,Water Resources,"Department of Water Resources, River Development & GR",Department of water resources-MH - II,7196,12770.1,13533.3,72,2019-12-31,2026-06-30,2017-12-11,1,0.995,1,0.995,0.995,99.5,High Risk
701400,Thoubal Multipurpose Project,Water Resources,"Department of Water Resources, River Development & GR",Water Resources Department-MN,1449,1822.24,1837.91,98,2019-12-31,2026-03-31,2022-01-02,1,0.985,1,1.0,0.9924999999999999,99.25,High Risk
602096,Subansiri Lower HE Project [2000 MW],Electricity Generation,Ministry of Power,National Highways & Infrastructure Development Corporation Ltd. [NHIDCL],6285,26075.5,24685.1,96,2010-09-08,2026-05-31,2003-09-09,1,0.985,1,1.0,0.9924999999999999,99.25,High Risk
602098,"Construction of Permanent Campus for IIM Jammu Phase-1 at Jagti, Nagrota, Jammu, J&K",Education,Department of Higher Education,"Indian Institute of Management, Jammu",425,500.91,484.52,96,2023-06-30,2025-08-31,2019-03-01,1,0.985,1,1.0,0.9924999999999999,99.25,High Risk
400111,Kelo Irrigation Project,Water Resources,"Department of Water Resources, River Development & GR",Water Resources-CT,460,727.04,616.93,71,2019-12-31,2025-06-30,,1,0.985,1,1.0,0.9924999999999999,99.25,High Risk
400117,Arjun Sahayak Project,Water Resources,"Department of Water Resources, River Development & GR",Irrigation & Water Resources-UP,741,2465.68,3218.3,100,2019-12-31,2019-12-31,,1,0.985,1,1.0,0.9924999999999999,99.25,High Risk
400116,Bargi Diversion Project Phase - III [km. 104 to km 154],Water Resources,"Department of Water Resources, River Development & GR",Water Resources-MP,1229,1399.7,1807.2,79,2019-12-31,2025-07-21,,1,0.99,1,0.995,0.9924999999999999,99.25,High Risk
400141,Expansion of Alumina Refinery Plant with addition of 5th Stream having capacity enhancement of 1.0 Million Tonee Per Annum,Metals & Mining,Ministry of Mines,National Aluminium Company Limited [NALCO],4103,5677.4,3913.98,75,2022-12-31,2025-09-30,2017-04-21,1,0.985,1,1.0,0.9924999999999999,99.25,High Risk
701171,AIIMS Bibinagar,Healthcare,Ministry of Health & Family Welfare,Ministry of Health & Family Welfare,1028,1365.95,792.24,83,2022-09-30,2025-12-31,2018-12-17,1,0.985,1,1.0,0.9924999999999999,99.25,High Risk
701404,Kanupur Irrigation Project,Water Resources,"Department of Water Resources, River Development & GR",Irrigation and CAD-TG,989,2301.28,2563.56,79,2019-12-31,2024-12-31,,1,0.98,1,1.0,0.99,99.0,High Risk
706811,NMDC Slurry Pipeline Project Phase-1,Steel,Ministry of Steel,National Mineral Development Corporation Limited [NMDC],2907,5427.0,3012.02,84,2023-06-30,2025-12-31,2015-11-10,1,0.98,1,1.0,0.99,99.0,High Risk
400115,Bargi Diversion Project Phase - IV [km. 154 to km 197],Water Resources,"Department of Water Resources, River Development & GR",Water Resources-MP,751,893.35,777.99,74,2019-12-31,2025-07-19,,1,0.985,1,0.995,0.99,99.0,High Risk
701410,Relining of Rajasthan feeder and Sirhind Feeder canal,Water Resources,"Department of Water Resources, River Development & GR",Department of Water Resources-PB,1441,2462.16,2962.99,80,2021-06-30,2025-06-30,2016-02-03,1,0.98,1,1.0,0.99,99.0,High Risk
701405,J. Chokka Rao Devadula Lift Irrigation Scheme,Water Resources,"Department of Water Resources, River Development & GR",Irrigation and CAD-TG,8201,14730.0,4558.89,87,2019-12-31,2025-12-31,,1,0.98,1,1.0,0.99,99.0,High Risk
602185,Tapovan-Vishnugad HEP [4x130 MW],Electricity Generation,Ministry of Power,National Thermal Power Corporation [NTPC],2978,10907.3,7123.58,77,2013-03-31,2029-04-30,,1,0.975,1,1.0,0.9875,98.75,High Risk
701349,Paradip-Numaligarh Crude Oil Pipeline [PNCPL] & Crude Oil Import Terminal [COIT] at Paradip,Energy Storage,Ministry of Petroleum & Natural Gas,Ministry of Petroleum & Natural Gas,10228,11407.0,9701.95,86,2024-07-27,2025-09-30,,1,0.975,1,1.0,0.9875,98.75,High Risk
607709,NORTH EASTERN REGION POWER SYSTEM IMPROVEMENT PROJECT [NERPSIP],Transmission & Distribution,Ministry of Power,Power Grid Corporation of India Limited [POWERGRID],5111,6700.0,5253.47,96,2018-12-31,2025-09-30,2014-12-01,1,0.975,1,1.0,0.9875,98.75,High Risk
706775,BharatNet,Telecommunication,Department of Telecommunications,Department of Telecommunications [DoT],61109,188000.0,41486.1,81,2023-08-31,2027-03-31,2017-07-19,1,0.97,1,1.0,0.985,98.5,High Risk
701228,Kochi - Koottanad - Bangalore - Mangalore Pipeline Phase-II,Oil & Gas,Ministry of Petroleum & Natural Gas,Ministry of Petroleum & Natural Gas,2915,5909.0,4431.9,94,2012-12-31,2025-12-31,,1,0.97,1,1.0,0.985,98.5,High Risk
604792,"Assam Bio Refinery, ABRPL",Oil & Gas,Ministry of Petroleum & Natural Gas,Ministry of Petroleum & Natural Gas,1750,4200.0,4650.0,99,2021-09-30,2025-07-31,,1,0.97,1,1.0,0.985,98.5,High Risk
610940,"Additional Infrastructure at IISc Bangalore-RCC Monolithic for Men Hostel S14, Women Hostel S11 , Postdoctoral Hostel S12 2 Block , International Hostel S 12 , D&E Block S 12 2 Block FR.",Education,Department of Higher Education,IISC Bangalore,420,420.41,360.72,99,2024-03-31,2025-09-30,2021-08-01,1,0.97,1,1.0,0.985,98.5,High Risk
701324,Barauni Refinery Capacity Expansion from 6.0 to 9.0 MMTPA,Oil & Gas,Ministry of Petroleum & Natural Gas,Ministry of Petroleum & Natural Gas,14810,16724.0,11728.0,87,2023-04-30,2026-08-31,,1,0.97,1,1.0,0.985,98.5,High Risk
702639,Ahmedabad Metro Rail Project [Phase-I],Urban Public Transport,Ministry of Housing & Urban Affairs,Gujarat Metro Rail Corporation Limited [GMRCL],10773,12924.5,11857.9,99,2018-03-31,2025-08-31,2014-11-17,1,0.965,1,1.0,0.9824999999999999,98.25,High Risk
400168,"500 KTA PDHPP Project, Usar",Oil & Gas,Ministry of Petroleum & Natural Gas,Ministry of Petroleum & Natural Gas,8797,11256.0,6768.36,85,2025-04-08,2025-10-31,,1,0.965,1,1.0,0.9824999999999999,98.25,High Risk
701354,Mumbai Nagpur Jharsuguda Pipeline Project,Oil & Gas,Ministry of Petroleum & Natural Gas,Ministry of Petroleum & Natural Gas,7844,8255.0,6495.6,95,2023-05-14,2025-09-30,,1,0.96,1,1.0,0.98,98.0,High Risk
400013,Saturation 4G mobile coverage of Uncovered Villages through USOF,Telecommunication,Department of Telecommunications,Department of Telecommunications [DoT],26316,30620.0,9291.8,72,2024-06-20,2026-03-31,2022-07-27,1,0.96,1,1.0,0.98,98.0,High Risk
612894,"Construction of Permanent Campus of Central University of Himachal Pradesh at Dehra, District - Kangra, [H.P.] on Engineering. Procurement and Construction [EPC Mode 1] Basis.",Education,Department of Higher Education,"Central University, Himachal Pradesh",252,300.45,183.36,78,2024-11-18,2025-11-30,2021-03-10,1,0.96,1,1.0,0.98,98.0,High Risk
400291,Doubling of Kirandul-Jagdalpur Line [150 km],Railways,Ministry of Railways,East Coast Railway [ECoR] - II,1589,1798.0,1541.7,92,2020-03-31,2025-12-31,2013-02-20,1,0.965,1,0.9917717003567182,0.9783858501783591,97.83858501783591,High Risk
705588,Janghai-Pratapgarh- Amethi,Railways,Ministry of Railways,CAO/C/II/NR,722,1194.0,1100.0,70,2025-03-31,2026-03-31,2017-11-10,1,0.955,1,1.0,0.9775,97.75,High Risk
617302,Durgapur - Haldia Pipeline [Section-3B of JHBDPL Project],Oil & Gas,Ministry of Petroleum & Natural Gas,Ministry of Petroleum & Natural Gas,1740,2493.15,2237.5,90,2020-12-31,2025-12-31,,1,0.955,1,1.0,0.9775,97.75,High Risk
705432,Sivok-Rangpo New Rail Line,Railways,Ministry of Railways,Indian Railway Construction International Limited [IRCON],7877,12133.0,8883.6,80,2015-05-31,2027-12-31,2009-10-30,1,0.955,1,1.0,0.9775,97.75,High Risk
701576,Berth No. 2 [previously Berth 3] of HDC Mechanization Project,Shipping,"Ministry of Ports, Shipping and Waterways","Haldia Dock Complex, Syama Prasad Mookerjee Port Authority",298,298.26,399.52,83,2025-09-30,2026-01-13,,1,0.95,1,1.0,0.975,97.5,High Risk
701341,Multi-product Pipeline from Krishnapatnam Coastal Installation to the proposed Installation at Hyderabad [Malkapur],Oil & Gas,Ministry of Petroleum & Natural Gas,Ministry of Petroleum & Natural Gas,1932,2208.0,1552.37,98,2025-03-31,2025-08-31,,1,0.95,1,1.0,0.975,97.5,High Risk
705780,Bhatni-Aurnihar with electrification excluding Indara-Mau,Railways,Ministry of Railways,RVNL - II,2529,2529.46,2051.69,94,2024-12-31,2025-10-31,2018-03-01,1,0.95,1,1.0,0.975,97.5,High Risk
706950,Hospet-Hubli-Vasco da Gama Line Electrification Project,Railways,Ministry of Railways,RVNL,744,1122.62,969.05,95,2023-03-31,2024-03-31,,1,0.945,1,1.0,0.9724999999999999,97.24999999999999,High Risk
701396,Lower Pedhi Project,Water Resources,"Department of Water Resources, River Development & GR",Department of water resources-MH - II,256,1480.7,1324.78,64,2019-12-31,2026-06-30,,1,0.945,1,1.0,0.9724999999999999,97.24999999999999,High Risk
603945,Integrated Anandpur Barrage Project,Water Resources,"Department of Water Resources, River Development & GR",Water Resources-OR,567,2990.05,2629.74,62,2019-12-31,2025-06-30,,1,0.94,1,1.0,0.97,97.0,High Risk
604791,Numaligarh Refinery Expansion Project,Oil & Gas,Ministry of Petroleum & Natural Gas,Ministry of Petroleum & Natural Gas,12366,22494.0,16502.4,75,2024-07-27,2025-12-31,,1,0.94,1,1.0,0.97,97.0,High Risk
602593,Luhri Stage-I Hydro Electric Project [210 MW],Electricity Generation,Ministry of Power,Satluj Jal Vidyut Nigam [SJVN] Thermal Limited,1811,3584.53,1742.92,51,2026-01-19,2029-08-31,2020-11-20,1,0.935,1,1.0,0.9675,96.75,High Risk
701392,Krishna Koyana Lift Irrigation Project,Water Resources,"Department of Water Resources, River Development & GR",Department of water resources-MH - II,974,2774.9,1069.82,90,2019-12-31,2023-12-31,2009-03-03,1,0.93,1,1.0,0.9650000000000001,96.50000000000001,High Risk
701411,Shahpur Kandi Dam Project,Water Resources,"Department of Water Resources, River Development & GR",Department of Water Resources-PB,2286,2715.7,2072.33,80,2022-06-30,2025-10-31,2010-02-08,1,0.925,1,1.0,0.9625,96.25,High Risk
705527,Sagauli-Valmiknagar,Railways,Ministry of Railways,East Central Railway [ECR] - II,1216,2222.0,2039.0,91,2025-12-24,2025-12-25,2018-03-01,1,0.925,1,1.0,0.9625,96.25,High Risk
400010,"Construction of Terminal Building & Associated works at Leh Airport, Ladakh",Aviation & Aviation Infrastructure,Ministry of Civil Aviation,Airport Authority of India [AAI],480,640.0,427.04,67,2021-09-14,2025-10-31,2018-07-27,1,0.925,1,1.0,0.9625,96.25,High Risk
602538,Installation of FGD for 4x210 & 2x250 MW MTPS U 1-6,Electricity Generation,Ministry of Power,Damodar Valley Corporation,1037,1106.0,1085.39,91,2024-01-22,2025-12-31,,1,0.925,1,1.0,0.9625,96.25,High Risk
705366,Hajipur-Sagauli New line,Railways,Ministry of Railways,East Central Railway [ECR] - I,2067,2087.0,1908.49,74,2020-03-31,2026-12-31,2007-10-05,1,0.925,1,1.0,0.9625,96.25,High Risk
612063,"Construction of New Terminal Building, Second Link Taxi Track, Apron Expansion, and associated works at Prayagraj Airport- On Design & Build Basis.",Aviation & Aviation Infrastructure,Ministry of Civil Aviation,Airport Authority of India [AAI],219,274.38,206.33,97,2024-11-19,2025-08-31,,1,0.92,1,1.0,0.96,96.0,High Risk
705651,Katni - Bina Third Railway Line [279 km],Railways,Ministry of Railways,West Central Railway WCR I,2478,4127.23,3295.49,90,2022-03-31,2025-12-31,2016-06-02,1,0.92,1,1.0,0.96,96.0,High Risk
702637,Mumbai Metro Line 3,Urban Public Transport,Ministry of Housing & Urban Affairs,Mumbai Metro Rail Corporation Limited [MMRC],23136,23942.0,27519.1,92,2023-03-31,2024-06-30,2013-07-18,1,0.915,1,1.0,0.9575,95.75,High Risk
400174,"New Sinter Plant at BSL, SAIL",Steel,Ministry of Steel,Steel Authority of India Limited [SAIL],1034,1752.3,883.23,51,2017-10-31,2027-06-30,2015-03-30,1,0.915,1,1.0,0.9575,95.75,High Risk
400094,J. ChokhaRao LIS CADWM Project,Water Resources,"Department of Water Resources, River Development & GR",Irrigation and CAD-TG,760,13445.4,0.0,0,2019-12-31,2023-03-31,,1,0.915,1,1.0,0.9575,95.75,High Risk
702635,Construction of Bangalore Metro Rail Project Phase 2.,Urban Public Transport,Ministry of Housing & Urban Affairs,Bengaluru Metro Rail,26405,30695.1,29478.0,94,2021-03-22,2026-09-30,2014-02-21,1,0.91,1,1.0,0.9550000000000001,95.5,High Risk
606431,CONSTRUCTION OF PERMANENT CAMPUS FOR IIT PALAKKAD UNDER PHASE 1A,Education,Department of Higher Education,INDIAN INSTITUTE OF TECHNOLOGY PALAKKAD,1006,1217.4,615.95,66,2022-06-07,2026-11-30,2017-07-01,1,0.91,1,1.0,0.9550000000000001,95.5,High Risk
705562,Chhapra-Ballia Patch Doubling,Railways,Ministry of Railways,North Eastern Railway [NER],963,1046.0,906.0,95,2025-02-28,2026-03-31,2013-03-31,1,0.91,1,1.0,0.9550000000000001,95.5,High Risk
602961,Talcher Thermal Power Station Stage III [2 x 660 MW] Expansion,Electricity Generation,Ministry of Power,National Thermal Power Corporation [NTPC],11844,12543.0,3975.0,26,2027-05-31,2028-03-31,2022-08-25,1,0.9,1,1.0,0.95,95.0,High Risk
705633,Guntur-Guntakal Doubling Project,Railways,Ministry of Railways,South Central Railway [SCR] - II,3733,4295.0,4112.59,92,2025-12-31,2026-12-31,2017-03-31,1,0.9,1,1.0,0.95,95.0,High Risk
705779,"Phephna-Indara, Mau-Shahganj doubling excluding Indara-Mau",Railways,Ministry of Railways,South Eastern Railway [SER] - I,1178,1777.0,1489.5,85,2024-12-31,2026-03-31,2017-05-30,1,0.895,1,1.0,0.9475,94.75,High Risk
400220,Kharsia-Dharamjaygarh with Spur line [East Corridor-Phase 1],Railways,Ministry of Railways,Indian Railway Construction International Limited [IRCON],3055,3438.0,2574.54,94,2018-09-30,2026-03-31,2016-03-05,1,0.895,1,1.0,0.9475,94.75,High Risk
705373,"Fatuha-Islampur incl. MM for extn.of NL from Neora to Daniawan , Daniawan to Biharsharif, Biharsharif to Barbigha , Barbigha to Shekhpura",Railways,Ministry of Railways,East Central Railway [ECR] - II,1473,2882.0,2824.8,91,2023-03-31,2025-08-31,2002-08-19,1,0.875,1,1.0,0.9375,93.75,High Risk
705632,Vijayawada - Kazipet Byepass line,Railways,Ministry of Railways,South Central Railway [SCR] - II,647,904.0,870.0,91,2025-01-12,2025-12-31,2016-04-22,1,0.875,1,1.0,0.9375,93.75,High Risk
602193,Tehri Pumped Storage Plant Project [4x250 MW],Electricity Generation,Ministry of Power,THDC India Limited,4826,8339.0,7939.82,98,2022-06-16,2025-11-15,2006-07-08,1,0.865,1,1.0,0.9325,93.25,High Risk
705237,Western Dedicated Freight Corridor,Railways,Ministry of Railways,DFCCIL,51101,124005.0,124623.0,96,2022-03-31,2025-12-31,2008-02-28,1,0.865,1,1.0,0.9325,93.25,High Risk
705616,Jharsuguda-Bilaspur Fourth Railway Line [206 km],Railways,Ministry of Railways,SECR,2140,2979.0,2124.15,88,2024-10-31,2025-12-31,2016-09-08,1,0.86,1,1.0,0.9299999999999999,93.0,High Risk
705660,Doubling of Katni - Singrauli Railway Line [261 km],Railways,Ministry of Railways,Indian Railway Construction International Limited [IRCON],2445,4377.0,3122.0,100,2026-12-31,2027-12-31,2016-03-31,1,0.86,1,1.0,0.9299999999999999,93.0,High Risk
612998,Bathinda Sangrur Pipeline,Oil & Gas,Ministry of Petroleum & Natural Gas,Ministry of Petroleum and Natural Gas,367,397.0,339.19,93,2024-05-01,2025-08-31,,1,0.86,1,1.0,0.9299999999999999,93.0,High Risk
602195,Vishnugad Pipalkoti Hydro Electric Project [444 MW],Electricity Generation,Ministry of Power,THDC India Limited,3860,6823.72,4828.89,72,2022-12-15,2027-03-31,2008-08-21,1,0.86,1,1.0,0.9299999999999999,93.0,High Risk
705612,Kazipet-Vijayawada 3rd line with electrification [220 km],Railways,Ministry of Railways,South Central Railway [SCR] - II,1953,3363.0,2915.49,90,2025-02-28,2025-12-31,2013-03-31,1,0.875,1,0.98,0.9275,92.75,High Risk
400171,2G Ethanol Biorefinery at Bathinda,Oil & Gas,Ministry of Petroleum & Natural Gas,Hindustan Petroleum Corporation Limited [HPCL],1421,1421.46,1180.91,95,2023-02-18,2026-03-31,,1,0.85,1,1.0,0.925,92.5,High Risk
400104,Punpun Barrage Project,Water Resources,"Department of Water Resources, River Development & GR",Water Resources-BR,571,658.12,469.66,44,2019-12-31,2026-03-31,,1,0.86,1,0.99,0.925,92.5,High Risk
705613,Third Line [new] between Kazipet - Balharshah with electrification [201.04 Km],Railways,Ministry of Railways,South Central Railway [SCR] - II,2595,3071.0,3142.35,92,2025-01-31,2025-11-30,2016-09-16,1,0.915,1,0.93,0.9225000000000001,92.25000000000001,High Risk
701415,Polavaram Irrigation Project,Water Resources,"Department of Water Resources, River Development & GR",Water Resources-AP,10151,55548.9,24347.8,83,2022-04-30,2026-03-31,2009-02-01,1,0.845,1,1.0,0.9225,92.25,High Risk
400301,Multi Product Pipeline from Irugur to Devangonthi,Energy Storage,Ministry of Petroleum & Natural Gas,"Department of Water Resources, River Development & GR",678,1732.0,675.25,67,2017-02-25,2025-10-31,,1,0.845,1,1.0,0.9225,92.25,High Risk
701412,North Koel Reservoir Project,Water Resources,"Department of Water Resources, River Development & GR","Department of Water Resources, River Development & GR",1622,2430.76,142.1,32,2021-03-31,2026-03-31,,1,0.845,1,1.0,0.9225,92.25,High Risk
701263,Rajasthan Refinery Project,Energy Storage,Ministry of Petroleum & Natural Gas,MinistryofPetroleumNaturalGas,43129,72937.0,59524.4,87,2022-10-31,2026-03-31,,1,0.84,1,1.0,0.9199999999999999,92.0,High Risk
604853,"Indian Oil Technology Development and Deployment Centre at R&D Campus-II, Faridabad",Oil & Gas,Ministry of Petroleum & Natural Gas,Ministry of Petroleum & Natural Gas,2282,3200.0,1800.61,63,2022-12-31,2026-03-02,,1,0.84,1,1.0,0.9199999999999999,92.0,High Risk
400158,Debottlenecking and Augmentation of Cryogenic facilities at Uran LPG Import Terminal,Oil & Gas,Ministry of Petroleum & Natural Gas,"Department of Water Resources, River Development & GR",1165,1629.86,901.73,84,2024-02-29,2025-12-31,,1,0.84,1,1.0,0.9199999999999999,92.0,High Risk
705434,New Railway Line between Ginigera and Raichur [165.57 km],Railways,Ministry of Railways,South Western Railway [SWR] - II,2565,3034.98,2063.57,66,2019-03-31,2027-03-31,2008-03-31,1,0.83,1,1.0,0.915,91.5,High Risk
705437,Manoharabad-Kothapalli New Rail Line [151 km],Railways,Ministry of Railways,South Central Railway [SCR] - II,1160,2781.0,1713.38,71,2027-03-31,2027-12-31,2016-07-16,1,0.82,1,1.0,0.9099999999999999,90.99999999999999,High Risk
610315,IISER BERHAMPUR,Education,Department of Higher Education,"Indian Institutes of Science Education and Research, Behrampur",1229,773.76,835.55,97,2021-03-31,2025-11-30,2018-10-24,1,0.98,1,0.84,0.9099999999999999,90.99999999999999,High Risk
701344,Dhamra Haldia Pipeline Project,Oil & Gas,Ministry of Petroleum & Natural Gas,Ministry of Petroleum & Natural Gas,1031,1125.0,853.7,87,2022-11-07,2025-12-31,,1,0.815,1,1.0,0.9075,90.75,High Risk
705401,Murkongselek-Pasighat,Railways,Ministry of Railways,Northeast Frontier Railway [NFR],435,1250.0,901.0,56,2025-03-31,2025-12-31,,1,0.81,1,1.0,0.905,90.5,High Risk
611917,Poly Butadiene Rubber plant at Panipat,Oil & Gas,Ministry of Petroleum & Natural Gas,Indian Oil Corporation Limited [IOCL],1459,2531.44,1043.9,70,2025-03-31,2026-06-30,,1,0.805,1,1.0,0.9025000000000001,90.25000000000001,High Risk
705635,Trivandrum- Kanyakumari,Railways,Ministry of Railways,SR-ERS,1432,3785.0,2451.0,46,2024-03-31,2027-12-31,2017-08-28,1,0.8,1,1.0,0.9,90.0,High Risk
705506,3rd Line Manmad - Jalgaon [160 Kilometres],Railways,Ministry of Railways,Central Railway [CR] - II,1035,1559.0,1692.0,97,2024-12-31,2025-08-31,2017-05-30,1,0.8,1,1.0,0.9,90.0,High Risk
611586,Sunni Dam Hydro Electric Project [382 MW],Electricity Generation,Ministry of Power,Satluj Jal Vidyut Nigam [SJVN] Thermal Limited,2615,4540.71,956.76,29,2028-04-03,2028-12-31,2023-01-12,1,0.85,1,0.945,0.8975,89.75,High Risk
705450,Jogbani-Biratnagar New Rail Line project,Railways,Ministry of Railways,Indian Railway Construction International Limited [IRCON],402,486.0,361.0,86,2022-03-31,2026-12-31,2010-06-28,1,0.795,1,1.0,0.8975,89.75,High Risk
400161,"PP Project, Pata",Oil & Gas,Ministry of Petroleum & Natural Gas,Gas Authority of India Limited [GAIL],911,1299.02,1004.0,97,2024-01-31,2025-08-31,,1,0.78,1,1.0,0.89,89.0,High Risk
400077,"Grass root POL Terminal at Vallur, Chennai",Energy Storage,Ministry of Petroleum & Natural Gas,Indian Oil Corporation Limited [IOCL],827,887.71,619.5,85,2024-12-31,2026-03-31,,1,0.775,1,1.0,0.8875,88.75,High Risk
705774,Aligarh -Daud Khan Flyover Construction & 3rd Railway Line Project,Railways,Ministry of Railways,CAO/C/NCR,758,779.49,315.37,55,2025-01-31,2027-03-31,2019-04-01,1,0.755,1,1.0,0.8775,87.75,High Risk
709840,"Restoration of Gas Terminal, Phase-I [Part-A], Hazira",Oil & Gas,Ministry of Petroleum & Natural Gas,Oil and Natural Gas Corporation Limited [ONGC],249,249.43,209.42,93,2025-02-10,2025-12-31,,1,0.74,1,1.0,0.87,87.0,High Risk
705400,New B.G. Railway Line- Araria to Galgalia [Thakurgunj],Railways,Ministry of Railways,Northeast Frontier Railway [NFR],2650,4412.0,4152.4,96,2024-12-31,2025-07-11,2005-03-31,1,0.74,1,1.0,0.87,87.0,High Risk
705364,Khagaria-Kusheshwar Asthan [42Km] new line project,Railways,Ministry of Railways,East Central Railway [ECR] - I,614,1384.0,479.22,55,2024-12-31,2027-03-31,2019-04-20,1,0.735,1,1.0,0.8674999999999999,86.75,High Risk
705784,Janghai-Phaphamau Doubling Rail Line Project,Railways,Ministry of Railways,RVNL,357,978.77,579.0,95,2025-03-31,2025-03-31,2018-11-01,1,0.735,1,1.0,0.8674999999999999,86.75,High Risk
400078,New Mundra Panipat Crude Oil Pipeline,Energy Storage,Ministry of Petroleum & Natural Gas,Ministry of Petroleum & Natural Gas,9028,9028.0,7071.08,84,2024-12-19,2025-12-31,,1,0.97,1,0.75,0.86,86.0,High Risk
400273,Tarakeshwar-Bishnupur New Line [82.47 km],Railways,Ministry of Railways,Eastern Railway [ER] - I,1189,1542.0,1287.05,90,2019-03-31,2026-02-28,2001-03-31,1,0.72,1,1.0,0.86,86.0,High Risk
705375,Koderma-Tilaiya New Line,Railways,Ministry of Railways,East Central Railway [ECR] - II,1626,2020.0,2060.97,92,2025-02-28,2026-02-28,2004-11-04,1,0.865,1,0.845,0.855,85.5,High Risk
705368,Araria Supaul New BG Line,Railways,Ministry of Railways,East Central Railway [ECR] - II,1605,2514.0,1311.39,33,2024-03-31,2027-01-31,2018-06-29,1,0.71,1,1.0,0.855,85.5,High Risk
705503,Pune - Miraj-Londa [467 Kilometres],Railways,Ministry of Railways,Central Railway [CR] - II,3627,6689.0,6548.0,84,2025-02-28,2025-08-31,2016-06-10,1,0.705,1,1.0,0.8525,85.25,High Risk
400299,Pottangi Bauxite Mines Project,Metals & Mining,Ministry of Mines,National Aluminium Company Limited [NALCO],1381,1960.77,650.04,51,2025-03-31,2026-05-31,2018-05-14,1,0.705,1,1.0,0.8525,85.25,High Risk
400298,Nadikudi - Srikalahasti New Line,Railways,Ministry of Railways,South Central Railway [SCR] - II,2312,5200.0,2179.0,54,2027-05-31,2028-03-31,2012-03-31,1,0.695,1,1.0,0.8474999999999999,84.74999999999999,High Risk
400169,Redevelopment of Linch Field,Oil & Gas,Ministry of Petroleum & Natural Gas,Oil and Natural Gas Corporation Limited [ONGC],631,860.04,505.07,77,2025-03-31,2025-10-30,,1,0.69,1,1.0,0.845,84.5,High Risk
400096,Omkareshwar CADWM Project,Water Resources,"Department of Water Resources, River Development & GR",Water resource-mp,648,648.09,172.56,3,2019-12-31,2026-03-31,,1,0.73,1,0.945,0.8374999999999999,83.74999999999999,High Risk
705617,Rajnandgaon - Nagpur [Kalumna] Third Railway Line [228.30 km],Railways,Ministry of Railways,South East Central Railway [SECR] - II,3545,3545.0,3163.08,95,2024-12-31,2026-06-30,2016-09-08,1,0.925,1,0.735,0.8300000000000001,83.0,High Risk
610985,Construction of lube oil blending plant at Rasayani,Oil & Gas,Ministry of Petroleum & Natural Gas,Ministry of Petroleum & Natural Gas,423,526.26,287.49,78,2023-12-31,2025-12-31,,1,0.66,1,1.0,0.8300000000000001,83.0,High Risk
705566,Domingarh-Gorakhpur-Gorakhpur Cantt.-Kusumhi - 3rd Railway Line Project,Railways,Ministry of Railways,North Eastern Railway [NER],351,521.47,494.0,98,2025-02-01,2025-09-30,2016-11-22,1,0.655,1,1.0,0.8275,82.75,High Risk
604833,"Andheri Residential Towers, Mumbai",Energy Storage,Ministry of Petroleum & Natural Gas,Ministry of Petroleum & Natural Gas,281,389.67,227.54,50,2025-05-31,2026-06-30,,1,0.65,1,1.0,0.825,82.5,High Risk
400223,Nagapattinam-Tiruturaipundi and Karaikal-Peralam New Line,Railways,Ministry of Railways,Southern Railway [SR] - II,713,981.0,598.38,80,2026-03-31,2027-03-31,2008-07-24,1,0.645,1,1.0,0.8225,82.25,High Risk
705567,Burhwal Gonda 3rd line,Railways,Ministry of Railways,North Eastern Railway [NER],1016,1118.0,1113.75,70,2025-03-31,2025-09-30,2017-11-10,1,0.92,1,0.71,0.815,81.5,High Risk
709849,PRP-VIII Group B [NH & BS Asset],Oil & Gas,Ministry of Petroleum & Natural Gas,Ministry of Petroleum & Natural Gas,2380,3165.53,1652.62,61,2026-02-28,2026-02-28,,1,0.62,1,1.0,0.81,81.0,High Risk
705481,Ramganjmandi-Bhopal New Line Project [262 km],Railways,Ministry of Railways,West Central Railway [WCR] - II,3032,5073.0,3592.92,70,2025-12-25,2027-12-31,2001-03-31,1,0.62,1,1.0,0.81,81.0,High Risk
400019,DHULE [BORVIHIR] - NARDANA NEW LINE [50.60 KMS],Railways,Ministry of Railways,CR,493,1171.0,234.48,9,2026-12-31,2027-09-30,2019-01-31,1,0.615,1,1.0,0.8075,80.75,High Risk
705458,Miyagam-Karjan-Dabhoi-Samlaya [GC],Railways,Ministry of Railways,Western Railway [WR] - II,844,1600.0,693.0,68,2021-03-31,2026-12-31,2017-01-17,1,0.61,1,1.0,0.8049999999999999,80.5,High Risk
612203,Academic Block 1 & 2,Education,Department of Higher Education,"Indian Institute of Technology, Bombay",68,263.93,22.15,16,2026-07-31,2027-03-31,,1,0.6,1,1.0,0.8,80.0,High Risk
701600,354 Uncovered Villages Scheme,Telecommunication,Department of Telecommunications,Department of Telecommunications [DoT],337,301.13,225.71,97,2021-10-27,2025-08-31,2019-12-13,1,0.98,1,0.605,0.7925,79.25,High Risk
701101,"Construction of New Domestic Terminal Building [Phase-I and II] and other allied structures at JPNI Airport, Patna",Aviation & Aviation Infrastructure,Ministry of Civil Aviation,Airport Authority of India [AAI],1217,1216.9,1046.48,94,2023-07-31,2025-11-30,2018-12-27,1,0.905,1,0.675,0.79,79.0,High Risk
610984,Development of Jharia CBM Block [Phase-1],Oil & Gas,Ministry of Petroleum & Natural Gas,Oil and Natural Gas Corporation Limited [ONGC],431,431.0,211.34,58,2024-01-21,2025-08-31,,1,0.68,1,0.895,0.7875000000000001,78.75000000000001,High Risk
705505,4th Line Wardha - Nagpur [78.7 Kilometres],Railways,Ministry of Railways,Central Railway [CR] - II,638,1137.0,969.0,80,2025-12-31,2026-02-28,2017-04-20,1,0.565,1,1.0,0.7825,78.25,High Risk
705629,Narayangarh-Bhadrak 3rd line,Railways,Ministry of Railways,South Eastern Railway [SER] - I,2400,2400.0,2188.0,65,2025-12-31,2026-06-30,2019-03-07,1,0.97,1,0.58,0.7749999999999999,77.49999999999999,High Risk
705598,Jhansi - Bina Third Railway Line [153 Km],Railways,Ministry of Railways,CAO/C/NCR,2002,2002.0,1884.84,93,2022-03-31,2026-03-31,2016-09-30,1,0.95,1,0.59,0.77,77.0,High Risk
702627,Patna Metro Rail Project,Urban Public Transport,Ministry of Housing & Urban Affairs,Patna Metro Rail Corporation Ltd. [PMRCL],13366,13365.8,4039.77,40,2024-02-26,2027-06-30,2019-02-27,1,0.81,1,0.715,0.7625,76.25,High Risk
707215,National Maritime Heritage Complex [NMHC] Phase-I,"Tourism, Hospitality & Wellness","Ministry of Ports, Shipping and Waterways",Indian Port Rail & Ropeway Corporation Ltd. [IPRCL],573,1238.05,487.35,66,2024-03-31,2025-09-30,2019-02-22,1,0.955,1,0.57,0.7625,76.25,High Risk
709839,Daman Upside Development Project,Oil & Gas,Ministry of Petroleum & Natural Gas,Oil and Natural Gas Corporation Limited [ONGC],4144,6406.9,3770.15,83,2025-10-31,2026-02-28,,1,0.51,1,1.0,0.755,75.5,High Risk
611615,Malugur- Palasamudram New Line Project [17.975 Km],Railways,Ministry of Railways,South Western Railway [SWR] - II,342,342.14,0.0,0,2027-11-30,2027-12-31,2022-09-01,0,0.495,1,1.0,0.7475,74.75,High Risk
709837,"Creation of Gas Dehydration Facilities, Tripura Asset",Oil & Gas,Ministry of Petroleum & Natural Gas,Oil and Natural Gas Corporation Limited [ONGC],209,131.51,65.97,62,2024-05-31,2025-12-31,,1,0.685,1,0.795,0.74,74.0,High Risk
400120,KG-DWN-98/2 Cluster - II Development Project - NELP Block,Oil & Gas,Ministry of Petroleum & Natural Gas,Oil and Natural Gas Corporation Limited [ONGC],34012,34012.0,35498.3,96,2020-06-30,2026-06-30,,1,0.785,1,0.69,0.7375,73.75,High Risk
611656,Transmission scheme for evacuation of 4.5GW RE injection at Khavda PS under Phase II- Part B,Transmission & Distribution,Ministry of Power,Power Grid Corporation of India Limited [POWERGRID],1168,1167.0,1013.39,91,2025-03-31,2025-10-31,2023-03-21,1,1.0,0,0.43,0.715,71.5,High Risk
701289,Capacity Expansion of Panipat Refinery from 15 to 25 MMTPA,Oil & Gas,Ministry of Petroleum & Natural Gas,Ministry of Petroleum & Natural Gas,34627,36225.0,23977.5,88,2024-09-30,2025-12-31,,1,0.93,0,0.46,0.6950000000000001,69.5,Medium Risk
607701,"Guwahati Refinery Expansion [1.0 to 1.2 MMTPA] along with installation of CRU, Guwahati Refinery",Oil & Gas,Ministry of Petroleum & Natural Gas,Ministry of Petroleum & Natural Gas,412,577.0,430.83,84,2023-10-31,2026-05-31,,1,0.785,1,0.59,0.6875,68.75,Medium Risk
709783,"Installation of Multiple Effect Evaporator [MEE] for ETP-1, 2 & 4 of Panipat Refinery and Petrochemical Complex.",Oil & Gas,Ministry of Petroleum & Natural Gas,MinistryofPetroleumNaturalGas,165,247.69,129.27,70,2023-06-30,2026-06-30,,0,0.375,1,1.0,0.6875,68.75,Medium Risk
400280,Ph II extension of MRTS from Velachery to St Thomas Mount,Railways,Ministry of Railways,Southern Railways [SR] - construction,734,982.0,475.73,99,2024-07-31,2025-08-31,2007-11-15,1,0.835,1,0.535,0.685,68.5,Medium Risk
705512,Doubling of Kottavalasa-Koraput Rail Line [189 KM],Railways,Ministry of Railways,East Coast Railway [ECoR] - II,2500,2500.0,2033.31,70,2022-03-31,2028-03-31,2015-12-08,1,0.98,0,0.3767717003567182,0.6783858501783591,67.83858501783591,Medium Risk
705662,Hotgi-Kudgi-Gadag Doubling Project,Railways,Ministry of Railways,South Western Railway [SWR] - II,1878,2459.0,2628.8,89,2024-12-31,2026-03-31,2014-04-01,1,0.675,1,0.68,0.6775,67.75,Medium Risk
709752,HP-COAT [Crude to Olefins and Aromatics Technology] demo unit at Visakh Refinery,Oil & Gas,Ministry of Petroleum & Natural Gas,Hindustan Petroleum Corporation Limited,160,220.0,77.06,64,2024-06-30,2026-03-31,,0,0.33,1,1.0,0.665,66.5,Medium Risk
705863,Bahraich - Nanpara - Nepalganj Road Gauge Conversion,Railways,Ministry of Railways,North Eastern Railway [NER],950,950.0,507.02,86,2025-07-31,2025-08-31,2020-07-01,1,0.72,1,0.605,0.6625,66.25,Medium Risk
705490,Gadag-Wadi New Railway Line [257 km],Railways,Ministry of Railways,South Western Railway [SWR] - II,2842,6700.0,1721.14,30,2027-03-31,2027-12-31,2013-04-01,0,0.3,1,1.0,0.65,65.0,Medium Risk
709808,PACHORA-JAMNER WITH EXTENSION UPTO MALKAPUR NG TO BG,Railways,Ministry of Railways,CR,955,2094.0,118.0,2,2027-08-31,2028-03-28,,1,0.64,1,0.64,0.64,64.0,Medium Risk
701343,Srikakulam Angul Gas Pipeline Project,Energy Storage,Ministry of Petroleum & Natural Gas,Ministry of Petroleum & Natural Gas,2658,2810.0,2192.68,94,2022-07-22,2025-12-31,,1,0.97,0,0.3,0.635,63.5,Medium Risk
705494,Rayadurg-Tumkur via Kalyandurg New Line [207 km],Railways,Ministry of Railways,South Western Railway [SWR] - II,2496,2496.0,1691.88,67,2015-09-30,2028-02-29,2008-03-31,1,0.775,0,0.49,0.6325000000000001,63.25000000000001,Medium Risk
709848,MHN TCPP PGC BGC Project [MTPBP],Oil & Gas,Ministry of Petroleum & Natural Gas,Ministry of Petroleum & Natural Gas,2329,2354.23,820.24,48,2026-05-19,2026-05-19,,0,0.245,1,1.0,0.6225,62.25000000000001,Medium Risk
705756,Chirimiri-Nagpur Halt New Railway Line Project,Railways,Ministry of Railways,South East Central Railway [SECR] - II,241,656.52,71.0,0,2030-06-30,2030-06-30,2018-10-01,0,0.21,1,1.0,0.605,60.5,Medium Risk
709838,Commercial Polymer Flooding Project in Bechraji field,Oil & Gas,Ministry of Petroleum & Natural Gas,Oil and Natural Gas Corporation Limited [ONGC],621,621.4,137.71,21,2024-11-30,2025-11-30,,1,0.57,1,0.63,0.6,60.0,Medium Risk
611939,Himatnagar Khedbrahma 55 km,Railways,Ministry of Railways,WR,482,482.42,461.0,96,2001-06-30,2026-06-30,2022-06-01,1,0.645,1,0.55,0.5975,59.75,Medium Risk
702665,Construction Bangalore Metro Rail Project Phase-2A & 2B,Urban Public Transport,Ministry of Housing & Urban Affairs,Bengaluru Metro Rail,14788,14788.1,8424.54,53,2026-06-30,2026-06-30,2021-06-07,0,0.195,1,1.0,0.5975,59.75,Medium Risk
701126,"Development of Dholera International Greenfield Airport , Gujarat",Aviation & Aviation Infrastructure,Ministry of Civil Aviation,Airport Authority of India [AAI],1305,1551.0,666.42,63,2026-06-30,2026-06-30,2022-06-14,0,0.18,1,1.0,0.59,59.0,Medium Risk
705572,Doubling of New Bonggigaon to Kamakhya via Goalpara - 176 km,Railways,Ministry of Railways,Northeast Frontier Railway [NFR],4060,4961.0,3683.75,93,2026-03-31,2026-03-31,2016-09-02,0,0.175,1,1.0,0.5875,58.75,Medium Risk
709842,"Kalol Redevelopment Project, Ahmedabad Asset",Oil & Gas,Ministry of Petroleum & Natural Gas,Oil and Natural Gas Corporation Limited [ONGC],1487,1487.41,776.61,61,2027-03-31,2027-03-31,,0,0.16,1,1.0,0.58,57.99999999999999,Medium Risk
705515,3rd & 4th Railway Line Project from Salegaon to Budhapank via Rajathgarh.,Inland Waterways,Ministry of Railways,East Coast Railway [ECoR] - II,1173,2092.0,1971.0,80,2026-03-31,2026-03-31,2013-07-11,0,0.165,1,0.9917717003567182,0.5783858501783591,57.83858501783591,Medium Risk
400119,Life Extension of 48 well platforms of Mumbai High & Heera Fields,Oil & Gas,Ministry of Petroleum & Natural Gas,Oil and Natural Gas Corporation Limited [ONGC],3191,3375.9,3074.01,89,2018-04-30,2025-12-31,,1,0.555,1,0.6,0.5775,57.75,Medium Risk
604863,Development of Surface Facilities for production and evacuation of Crude Oil and Natural Gas from Nadua and East Khagorija,Oil & Gas,Ministry of Petroleum & Natural Gas,Ministry of Petroleum & Natural Gas,683,726.93,488.37,94,2020-02-29,2025-12-31,,1,0.84,0,0.3,0.57,56.99999999999999,Medium Risk
705457,Ratlam-Mhow-Khandwa-Akola Gauge Conversion,Railways,Ministry of Railways,Western Railway [WR] - II,5678,6531.9,4314.0,87,2027-03-31,2028-09-30,2008-04-01,1,0.755,0,0.38,0.5675,56.75,Medium Risk
705504,Doubling of Daund Manmad Line [247.6 km],Railways,Ministry of Railways,Central Railway [CR] - II,2081,3075.0,2769.0,88,2025-12-31,2025-12-31,2017-10-04,0,0.12,1,1.0,0.56,56.00000000000001,Medium Risk
611614,Dedicated Test Track for RDSO Phase II,Railways,Ministry of Railways,North Western Railway [NWR],819,967.06,471.0,86,2026-11-30,2026-11-26,2021-11-01,0,0.12,1,1.0,0.56,56.00000000000001,Medium Risk
400087,Redevelopment of Sobhasan Complex,Oil & Gas,Ministry of Petroleum & Natural Gas,Oil and Natural Gas Corporation Limited [ONGC],886,1286.67,765.43,73,2026-02-28,2026-02-28,,0,0.12,1,1.0,0.56,56.00000000000001,Medium Risk
400253,Vizianagaram - Titlagarh 3rd line [272 Km including By - pass line of 7.68 KM],Railways,Ministry of Railways,RVNL - II,4803,6670.0,5722.01,89,2026-12-31,2026-12-31,2016-06-10,0,0.115,1,1.0,0.5575,55.75,Medium Risk
709814,NIPANIA-BHATAPRA [14.4 KM] 4TH LINE [PB-72/NR/2022-23],Railways,Ministry of Railways,SECR,170,184.0,0.0,0,2026-12-31,2026-12-31,,0,0.11,1,1.0,0.555,55.50000000000001,Medium Risk
705356,Ahmednagar - Beed - Parli - Vaijnath New Broad Gauge Line Railway Project [261.3 km],Railways,Ministry of Railways,Central Railways,2539,4957.0,4725.34,92,2026-03-31,2026-03-31,1999-01-01,0,0.11,1,1.0,0.555,55.50000000000001,Medium Risk
705513,Koraput - Singapur Railway Doubling,Railways,Ministry of Railways,East Coast Railway [ECoR] - II,2362,2362.0,1787.49,68,2027-12-01,2028-03-30,2015-12-08,1,0.88,0,0.2267717003567182,0.5533858501783591,55.338585017835904,Medium Risk
706854,Boridand - Ambikapur Doubling Line Project,Railways,Ministry of Railways,South East Central Railway [SECR] - II,1376,1576.23,218.0,18,2030-06-30,2030-06-30,2022-06-01,0,0.105,1,1.0,0.5525,55.25,Medium Risk
709864,DCU Revamp Project,Oil & Gas,Ministry of Petroleum & Natural Gas,NRL,370,370.0,249.41,57,2024-07-17,2025-10-31,,1,0.685,0,0.415,0.55,55.00000000000001,Medium Risk
709845,"Revamping of SV Stations, Gas Terminal & Kribhco Terminal",Oil & Gas,Ministry of Petroleum & Natural Gas,Oil and Natural Gas Corporation Limited [ONGC],837,837.34,205.78,49,2026-08-31,2026-08-31,,0,0.095,1,1.0,0.5475,54.75,Medium Risk
611938,Vijapur Ambliyasan 42 km,Railways,Ministry of Railways,PCE/WR,415,415.38,364.0,96,2026-05-31,2026-05-31,2022-05-01,0,0.095,1,1.0,0.5475,54.75,Medium Risk
709776,Augmentation/Revamping of Facilities at existing Guwahati Terminal at Betkuchi,Oil & Gas,Ministry of Petroleum & Natural Gas,MinistryofPetroleumNaturalGas,277,323.09,185.18,67,2026-09-30,2026-09-30,,0,0.09,1,1.0,0.545,54.50000000000001,Medium Risk
709780,Construction of Additional Tankages and Allied Facilities at JNPT Terminal,Oil & Gas,Ministry of Petroleum & Natural Gas,MinistryofPetroleumNaturalGas,341,436.14,279.19,50,2026-08-31,2026-08-31,,0,0.085,1,1.0,0.5425,54.25,Medium Risk
709774,Revamping/ Augmentation of facilities at existing port terminal at Mangalore,Oil & Gas,Ministry of Petroleum & Natural Gas,Ministry of Petroleum & Natural Gas,463,500.62,264.44,82,2025-12-31,2025-12-31,,0,0.085,1,1.0,0.5425,54.25,Medium Risk
603293,Badam Coal Mining project of NTPC,Coal,Ministry of Power,National Thermal Power Corporation [NTPC],502,784.0,302.2,59,2056-12-31,2027-04-01,2019-02-01,0,0.08,1,1.0,0.54,54.0,Medium Risk
616950,PRP-VIII [Group-A],Oil & Gas,Ministry of Petroleum & Natural Gas,Ministry of Petroleum & Natural Gas,1486,1486.4,184.56,17,2026-02-28,2026-02-28,2024-09-05,0,0.08,1,1.0,0.54,54.0,Medium Risk
705453,"New line Dahod-Indore via Sardarpur, Jabuwa and Dhar",Railways,Ministry of Railways,Western Railway [WR] - II,1942,2691.0,3412.98,67,2027-02-28,2027-02-28,2012-06-19,0,0.075,1,1.0,0.5375,53.75,Medium Risk
709816,4TH LINE - BHILAI-BHILAI NAGAR [8.8 KM] [PB-72/NR/2022-23],Railways,Ministry of Railways,SECR,177,177.34,0.76,2,2027-02-28,2027-02-28,,0,0.07,1,1.0,0.535,53.5,Medium Risk
709759,"Petrochemical evacuation marketing terminal at Barmer, Rajasthan",Energy Storage,Ministry of Petroleum & Natural Gas,Hindustan Petroleum Corporation Limited [HPCL],461,461.05,111.57,51,2026-12-06,2026-12-06,,0,0.07,1,1.0,0.535,53.5,Medium Risk
705777,Bhandai Flyover Construction Project,Railways,Ministry of Railways,CAO/C/NCR,250,250.18,118.0,15,2026-02-28,2027-02-28,2019-04-01,1,0.695,0,0.37,0.5325,53.25,Medium Risk
611945,Petlad Bhadran 23 Kms,Railways,Ministry of Railways,PCE/WR,307,307.11,82.0,8,2030-05-31,2030-05-30,2022-05-01,0,0.06,1,1.0,0.53,53.0,Medium Risk
705659,Satna-Rewa Railway Line Doubling Project,Railways,Ministry of Railways,West Central Railway [WCR] - II,500,584.0,561.26,80,2026-03-31,2026-03-31,2015-11-01,0,0.06,1,1.0,0.53,53.0,Medium Risk
706776,Noapara-Barasat via Bimanbandar - Construction of Metro railway [18 km],Railways,Ministry of Railways,"Metro Railway, Kolkata",4830,4830.0,2764.13,32,2026-08-31,2029-03-31,2010-11-02,1,0.6,0,0.455,0.5275,52.75,Medium Risk
705610,"Renigunta, Wadi & Gooty Bypass Railway Project",Railways,Ministry of Railways,South Central Railway [SCR] - I,302,543.0,381.0,50,2025-12-31,2025-12-25,2016-04-01,0,0.05,1,1.0,0.525,52.5,Medium Risk
615202,Capacity expansion of Deposit-14 and 14 NMZ at Kirandul,Metals & Mining,Ministry of Steel,National Mineral Development Corporation Limited [NMDC],1700,1756.2,65.44,2,2028-12-31,2028-03-27,2021-08-12,0,0.05,1,1.0,0.525,52.5,Medium Risk
705752,Gudha-Thatha Mithri Construction of Railway Track Project,Railways,Ministry of Railways,North Western Railway [NWR],819,967.06,471.0,98,2026-11-30,2026-11-30,2019-04-01,0,0.495,1,0.555,0.525,52.5,Medium Risk
709754,"Construction of LPG Facilities at Kamardanga, Assam",Energy Storage,Ministry of Petroleum & Natural Gas,Hindustan Petroleum Corporation Limited,156,156.36,49.78,39,2027-07-04,2027-07-04,,0,0.045,1,1.0,0.5225,52.25,Medium Risk
617322,Kalipahari Bakhtarnagar 5th line,Railways,Ministry of Railways,Eastern Railway [ER] - I,350,350.46,0.0,0,2027-06-30,2027-06-27,2024-08-08,0,0.045,1,1.0,0.5225,52.25,Medium Risk
705764,Nimach-Badi Sadri New Rail Line Project,Railways,Ministry of Railways,Western Railway [WR] - II,495,825.0,306.0,46,2026-03-31,2025-12-26,2017-04-01,0,0.045,1,1.0,0.5225,52.25,Medium Risk
611944,Quadrupling between Gandhidham Adipur with Y connection at Adipur for providing direct entry towards Mundra Port and Bhuj and high level platform at Gopalpur 11Kms,Railways,Ministry of Railways,PCE/WR,152,152.44,20.0,68,2026-03-31,2026-03-26,2023-02-01,0,0.04,1,1.0,0.52,52.0,Medium Risk
604852,"Grass-root Terminal at Mirzapur, Uttar Pradesh",Energy Storage,Ministry of Petroleum & Natural Gas,Ministry of Petroleum & Natural Gas,980,980.45,236.22,50,2026-11-30,2026-11-30,,0,0.04,1,1.0,0.52,52.0,Medium Risk
611970,Samlaya Timba Road 54 km,Railways,Ministry of Railways,PCE/WR,670,670.17,102.0,12,2030-03-31,2030-03-30,2023-02-03,0,0.035,1,1.0,0.5175,51.74999999999999,Medium Risk
705735,Solapur-tuljapur-Osmanabad,Railways,Ministry of Railways,WR,905,3296.0,1150.0,10,2028-03-31,2028-03-28,2019-01-08,0,0.035,1,1.0,0.5175,51.74999999999999,Medium Risk
400180,BONJEMEHARI EXPANSION OCP,Coal,Ministry of Coal,Eastern Coal Fields Limited [ECL],570,570.11,81.29,16,2026-03-31,2026-03-31,2021-08-10,0,0.035,1,1.0,0.5175,51.74999999999999,Medium Risk
706777,Baranagar-Barrackpore and Dakshineshwar- Construction of Metro Railway,Urban Public Transport,Ministry of Railways,RVNL - II,2298,2734.0,393.0,17,2026-12-31,2025-12-26,2010-03-15,0,0.03,1,1.0,0.515,51.5,Medium Risk
400235,"Setting up a common user Petroleum Terminal at Jammu, J&K for resitement of existing PSU OMC's Depots from Jammu City",Energy Storage,Ministry of Petroleum & Natural Gas,Bharat Petroleum Corporation Limited [BPCL],677,676.89,518.22,77,2025-03-31,2025-09-30,,1,0.805,0,0.215,0.51,51.0,Medium Risk
705357,Baramati Lonand New Line Project,Railways,Ministry of Railways,Central Railway [CR] - II,736,1844.0,712.0,50,2027-03-31,2027-03-31,2016-03-31,0,0.02,1,1.0,0.51,51.0,Medium Risk
611943,New broad gauge line between Naliya Jakhau Port 25 Kms,Railways,Ministry of Railways,PCE/WR,410,410.26,6.0,4,2028-01-31,2028-01-28,2023-02-01,0,0.02,1,1.0,0.51,51.0,Medium Risk
709818,4TH LINE RAJNANDGAON-DONGARHGARH [31.2 KM] [PB-72/NR/2022-23],Railways,Ministry of Railways,SECR,328,328.34,48.02,25,2027-01-31,2027-01-31,,0,0.02,1,1.0,0.51,51.0,Medium Risk
709813,NEW BG LINE INTERSECTION [5 NOS] BETWEEN GERATPUR-SANAND & BOTAD-AHMEDABAD [16.51 KM] [PB#29/NR/202,Railways,Ministry of Railways,SECR,437,437.21,43.0,15,2027-10-31,2027-10-27,,0,0.015,1,1.0,0.5075,50.74999999999999,Medium Risk
705498,3rd Line Kalyan - Kasara [67.35 Kilometres],Railways,Ministry of Railways,Central Railway [CR] - II,793,1432.0,894.16,50,2026-12-31,2026-12-31,2015-09-14,0,0.015,1,1.0,0.5075,50.74999999999999,Medium Risk
705783,Ludhiana- Killa Raipur Railway Doubling Project,Railways,Ministry of Railways,CAO/C/NR,238,237.64,118.0,55,2025-03-31,2026-03-31,2019-03-01,1,0.785,0,0.22,0.5025000000000001,50.25000000000001,Medium Risk
709817,4TH LINE - DADHAPARA-BELHA [9.2 KM] [PB-72/NR/2022-23],Railways,Ministry of Railways,SECR,169,169.06,10.13,4,2026-11-30,2026-11-26,,0,0.005,1,1.0,0.5025,50.24999999999999,Medium Risk
617304,"Setting up of LPG Plant with Rail Unloading Facility at Hathua, Dist. Gopalganj, Bihar",Oil & Gas,Ministry of Petroleum & Natural Gas,MinistryofPetroleumNaturalGas,340,340.15,88.08,24,2027-03-01,2027-03-01,,0,0.0,1,1.0,0.5,50.0,Medium Risk
612877,Establishment of NIT Puducherry Permanent Campus [Phase-I and Phase-II],Education,Department of Higher Education,"National Institute of Technology, Puducherry",618,544.34,509.24,94,2024-12-31,2025-08-31,2020-03-04,1,0.995,0,0.0,0.4975,49.75,Medium Risk
709755,"Setting up of new rail fed POL facility at Kamardanga, Assam",Energy Storage,Ministry of Petroleum & Natural Gas,Hindustan Petroleum Corporation Limited [HPCL],384,384.04,110.44,48,2027-07-04,2027-07-04,,0,0.045,1,0.95,0.4975,49.75,Medium Risk
609019,"HEFA projects on development of student hostels, playgrounds, departmental buildings, class room complex and other campus facilities in IIT Kharagpur",Education,Department of Higher Education,"Indian Institute of Technology, Kharagpur",500,442.0,382.6,87,2023-03-31,2026-03-31,2018-06-25,1,0.99,0,0.0,0.495,49.5,Medium Risk
617282,"C/o 184 MS Flats for Hon'ble MPs at BKS Marg, New Delhi",Construction,Ministry of Housing & Urban Affairs,Central Public Works Department [CPWD],647,646.52,518.46,98,2025-05-20,2025-08-31,2022-01-21,1,0.99,0,0.0,0.495,49.5,Medium Risk
701167,AIIMS Kashmir at Awantipora Jammu & Kashmir,Healthcare,Ministry of Health & Family Welfare,Central Public Works Department [CPWD],1828,1828.0,1504.91,65,2025-01-31,2025-12-02,2019-01-10,1,0.99,0,0.0,0.495,49.5,Medium Risk
611659,Transmission system strengthening scheme for evacuation of power from solar energy zones in Rajasthan[8.1 GW] under phase-II- Part E,Transmission & Distribution,Ministry of Power,Power Grid Corporation of India Limited [POWERGRID],1433,1433.0,1341.7,93,2024-09-30,2025-10-31,2023-03-28,1,0.99,0,0.0,0.495,49.5,Medium Risk
709819,3RD AND 4TH LINE - SARAGBUNDIA AND MADWARANI,Railways,Ministry of Railways,SECR,177,177.0,0.0,0,2026-12-31,2026-12-31,,1,0.515,0,0.46273291925465876,0.4888664596273294,48.88664596273294,Medium Risk
709815,4TH LINE - BHATAPARA-HATHBAND [8.8 KM] [PB-72/NR/2022-23],Railways,Ministry of Railways,SECR,177,177.03,0.0,0,2027-01-31,2027-12-31,,1,0.515,0,0.46273291925465876,0.4888664596273294,48.88664596273294,Medium Risk
400277,Dum Dum Airport-New Garia via Rajarhat-Construction of Metro Railway,Railways,Ministry of Railways,RVNL - II,8964,8964.0,8097.47,80,2025-12-31,2026-03-31,2010-03-15,1,0.89,0,0.085,0.4875,48.75,Medium Risk
701107,Construction of New Integrated Terminal Building and associated works including apron to park 3 code E type of aircraft or 6 code C type of aircraft at Vijayawada Airport.,Aviation & Aviation Infrastructure,Ministry of Civil Aviation,Airport Authority of India [AAI],612,611.8,464.55,77,2022-09-05,2025-12-31,2020-06-17,1,0.97,0,0.0,0.485,48.5,Medium Risk
701330,Mehsana-Bhatinda & Bhatinda-Jammu Natural Gas Pipeline,Oil & Gas,Ministry of Petroleum & Natural Gas,Ministry of Petroleum & Natural Gas,7392,7392.0,6304.0,90,2024-06-30,2025-12-31,,1,0.95,0,0.0,0.475,47.5,Medium Risk
705528,Muzaffarpur-Sugauli,Railways,Ministry of Railways,East Central Railway [ECR] - II,1586,1586.0,1586.82,99,2024-06-30,2025-08-31,2018-03-01,1,0.95,0,0.0,0.475,47.5,Medium Risk
705668,KHARAGPUR-ADITYAPUR THIRD RAIL LINE- 132 KM,Railways,Ministry of Railways,RVNL - II,3250,3250.0,3176.46,97,2025-03-31,2025-12-31,2016-09-05,1,0.95,0,0.0,0.475,47.5,Medium Risk
705419,Gwalior - Seopurkala with extension to Kota [Gauge Conversion],Railways,Ministry of Railways,North Central Railway,2913,2913.0,2751.0,83,2025-03-31,2026-02-28,2011-03-31,1,0.945,0,0.0,0.4725,47.25,Medium Risk
400234,Third Railway Line between Patratu-Sonnagar [281 kms],Railways,Ministry of Railways,RVNL - II,8975,8975.0,4950.0,88,2026-03-31,2026-07-31,2016-11-24,1,0.815,0,0.125,0.47,47.0,Medium Risk
701593,4G Services by BSNL,Telecommunication,Department of Telecommunications,Department of Telecommunications [DoT],28466,19592.0,8332.52,92,2024-03-31,2026-03-31,2020-11-01,1,0.94,0,0.0,0.47,47.0,Medium Risk
701269,"Construction of 80,000 MT LPG Cavern at Mangalore",Energy Storage,Ministry of Petroleum & Natural Gas,Ministry of Petroleum & Natural Gas,854,854.0,712.3,99,2022-12-19,2025-08-31,,1,0.935,0,0.0,0.4675,46.75,Medium Risk
705661,Katni Grade Separator/Bye Pass,Railways,Ministry of Railways,Indian Railway Construction International Limited [IRCON],1248,1248.0,1537.77,92,2024-09-30,2026-03-31,2016-03-31,1,0.935,0,0.0,0.4675,46.75,Medium Risk
701346,North East Gas Grid,Oil & Gas,Ministry of Petroleum & Natural Gas,Ministry of Petroleum & Natural Gas,9265,9265.0,6375.02,85,2024-03-31,2026-03-31,,1,0.935,0,0.0,0.4675,46.75,Medium Risk
706759,Rampur Dumra-Tal-Rajendrapul Additional Bridge and Railway Line Doubling,Railways,Ministry of Railways,Indian Railway Construction International Limited [IRCON],2374,2374.0,1777.0,85,2024-12-31,2025-12-31,2016-03-31,1,0.935,0,0.0,0.4675,46.75,Medium Risk
705511,Jagdalpur-Koraput,Railways,Ministry of Railways,East Coast Railway [ECoR] - II,1547,1547.0,1308.2,90,2024-03-31,2026-12-31,2015-12-08,1,0.93,0,0.0017717003567181927,0.4658858501783591,46.58858501783591,Medium Risk
705667,Mathura-Jhansi Third Railway Line [274 Km],Railways,Ministry of Railways,RVNL - II,5961,5961.0,4928.62,94,2024-12-31,2026-12-31,2015-12-11,1,0.925,0,0.0,0.4625,46.25,Medium Risk
705480,"Lalitpur-Satna, Rewa-Singrauli & Mahoba-Khajuraho",Railways,Ministry of Railways,North Central Railway,8914,8914.0,4971.65,70,2027-03-31,2027-12-31,2007-01-24,1,0.925,0,0.0,0.4625,46.25,Medium Risk
612819,300 MW SPP part of 510 MW CPSU scheme,Electricity Generation,Ministry of Coal,NLC India Limited [NLCIL],1813,1813.0,769.57,68,2024-09-27,2025-09-30,,1,0.92,0,0.0,0.46,46.0,Medium Risk
704495,"502 Aspirational District Scheme in Four states - Bihar, Madhya Pradesh, Rajastha and Uttar Pradesh",Telecommunication,Department of Telecommunications,Department of Telecommunications [DoT],422,228.94,126.45,96,2022-03-16,2025-12-21,,1,0.915,0,0.0,0.4575,45.75,Medium Risk
706779,Mumbai Urban Transport Project [MUTP] - PHASE II,Railways,Ministry of Railways,Mumbai Rail Vikas Corporation Ltd.[MRVC],8087,8087.0,7364.0,87,2014-03-31,2027-12-31,2008-05-09,1,0.91,0,0.0,0.455,45.5,Medium Risk
705648,Vijaywada-Gudur 3rd Line,Railways,Ministry of Railways,RVNL - II,6654,6654.0,5922.0,90,2024-11-30,2025-12-31,2016-08-24,1,0.91,0,0.0,0.455,45.5,Medium Risk
705362,"Jaynagar-Bijalpura, incl. extn. Bet, Bijalpura-Bardibas [Nepal]",Railways,Ministry of Railways,East Central Railway [ECR] - I,819,819.0,588.32,75,2022-03-31,2026-03-31,2015-08-21,1,0.9,0,0.0,0.45,45.0,Medium Risk
705628,Doubling of Hatia [Ranchi]-Bondamunda Rail Line - 159 km,Railways,Ministry of Railways,South Eastern Railway - JH,3029,3029.0,2458.15,85,2025-06-30,2026-06-30,2016-03-31,1,0.9,0,0.0,0.45,45.0,Medium Risk
705482,Dholpur - Sirmuttra Gauge Conversion,Railways,Ministry of Railways,North Central Railway,747,747.0,392.0,39,2019-02-28,2027-02-28,2022-03-31,1,0.835,0,0.065,0.44999999999999996,44.99999999999999,Medium Risk
705799,Nagpur- Nagbhir Railway Line Gauge Conversion Project,Railways,Ministry of Railways,MRIDC,1400,1400.0,1472.0,80,2025-12-31,2025-12-25,2019-10-01,1,0.895,0,0.0,0.4475,44.75,Medium Risk
602792,Gauge Conversion of Kendri-Dhamtari including Abhanpur - Rajim Branch line 67.20 Kms - 2nd Material Modification to Raipur Titlagarh doubling.,Railways,Ministry of Railways,SECR,1171,1171.0,848.0,82,2025-02-28,2025-11-30,2011-07-01,1,0.895,0,0.0,0.4475,44.75,Medium Risk
703586,Baiyyappanahalli - Hosur Doubling Project [48 km],Railways,Ministry of Railways,Karnataka Rail Infrastructure Development Company Limited [K-RIDE],499,499.0,595.0,97,2024-12-31,2026-01-26,2019-04-01,1,0.89,0,0.0,0.445,44.5,Medium Risk
701127,Construction of New Passenger Terminal Building for Domestic Operations at Jodhpur Airport.,Aviation & Aviation Infrastructure,Ministry of Civil Aviation,Airport Authority of India [AAI],480,480.0,254.71,77,2024-11-18,2025-10-31,2022-05-01,1,0.885,0,0.0,0.4425,44.25,Medium Risk
701329,Petrochemical and Lube Integration Project at Gujarat Refinery,Oil & Gas,Ministry of Petroleum & Natural Gas,Ministry of Petroleum & Natural Gas,18936,17825.0,12190.1,83,2024-08-31,2025-12-31,,1,0.88,0,0.0,0.44,44.0,Medium Risk
705429,Rishikesh-Karnaprayag New Rail Line- 125 km,Railways,Ministry of Railways,RVNL - II,38953,38953.0,24645.2,65,2025-12-31,2027-03-31,2016-11-10,1,0.87,0,0.0,0.435,43.5,Medium Risk
705510,Bhadrak-Nergundi Third Line,Railways,Ministry of Railways,East Coast Railway [ECoR] - II,1284,1284.0,1298.0,80,2024-11-30,2026-01-31,2015-10-05,1,0.865,0,0.0017717003567181927,0.43338585017835907,43.338585017835904,Medium Risk
705526,Samastipur-Darbhanga Doubling Railway Project,Railways,Ministry of Railways,East Central Railway [ECR] - I,519,519.0,337.03,82,2025-03-31,2025-10-31,,1,0.865,0,0.0,0.4325,43.25,Medium Risk
706781,Mumbai Urban Transport Project Phase-III,Railways,Ministry of Railways,Mumbai Rail Vikas Corporation Ltd.[MRVC],10947,10947.0,5057.67,60,2022-03-31,2026-12-31,2016-11-30,1,0.86,0,0.0,0.43,43.0,Medium Risk
705782,Barabanki-Malhaur 3rd & 4th Railway Line Project,Railways,Ministry of Railways,CAO/C/NR,407,407.0,317.0,75,2025-03-31,2026-03-31,2019-01-01,1,0.855,0,0.0,0.4275,42.75,Medium Risk
604859,Integrated Para Xylene [PX] and Purified Terephthalic Acid [PTA] Project at Paradip Refinery,Oil & Gas,Ministry of Petroleum & Natural Gas,Ministry of Petroleum & Natural Gas,13805,11783.0,8250.46,90,2024-01-31,2026-08-31,,1,0.85,0,0.0,0.425,42.5,Medium Risk
705650,Hospet - Tinaighat - Vasco Rail Doubling Project,Railways,Ministry of Railways,RVNL - II,5060,5060.0,5007.82,86,2027-03-31,2027-12-30,2010-03-31,1,0.85,0,0.0,0.425,42.5,Medium Risk
705433,Dallirajhra- Rowghat New Railway Line - Phase I [95 km],Railways,Ministry of Railways,RVNL - II,1628,1628.0,1440.85,82,2025-09-30,2025-12-31,2009-07-15,1,0.845,0,0.0,0.4225,42.25,Medium Risk
705500,3rd Line Wardha - Sewagram - Nagpur,Railways,Ministry of Railways,Central Railway [CR] - II,540,698.0,724.75,80,2025-12-31,2025-12-31,2015-09-04,0,0.055,1,0.785,0.42000000000000004,42.00000000000001,Medium Risk
705772,"Mughalsarai-Allahabad, 3rd line",Railways,Ministry of Railways,North Central Railway,2649,2649.0,1399.0,62,2026-12-31,2027-03-31,2015-12-08,1,0.84,0,0.0,0.42,42.0,Medium Risk
701565,Jal Marg Vikas Project,Inland Waterways,"Ministry of Ports, Shipping and Waterways",Inland Waterways Authority of India [IWAI],5369,5061.15,3432.34,70,2023-12-31,2025-12-31,2018-01-03,1,0.83,0,0.0,0.415,41.5,Medium Risk
705428,Bhanupalli-Bilaspur-Beri New Railway Line Project,Railways,Ministry of Railways,RVNL - II,13447,13447.0,6391.15,59,2026-12-31,2027-12-30,2009-03-31,1,0.825,0,0.0,0.4125,41.25,Medium Risk
709841,Old Pipe Line Replacement [OPRP] Group-A,Oil & Gas,Ministry of Petroleum & Natural Gas,Oil and Natural Gas Corporation Limited [ONGC],173,169.84,148.0,87,2025-07-18,2026-03-17,,1,0.825,0,0.0,0.4125,41.25,Medium Risk
705730,Joka-BBD Bag new metro project,Railways,Ministry of Railways,RVNL - II,4835,10362.0,4361.23,59,2026-12-31,2028-12-31,2010-03-05,1,0.705,0,0.115,0.41,41.0,Medium Risk
616858,"Construction of Field Gas Gathering Station at Baghjan area for collection, processing & transportation of natural Gas to be produced from Baghjan Field",Oil & Gas,Ministry of Petroleum & Natural Gas,Ministry of Petroleum & Natural Gas,431,430.76,326.12,85,2024-03-31,2025-12-31,,1,0.82,0,0.0,0.41,41.0,Medium Risk
705766,Lalitpur-Birari with flyover at Lalitpur- 16 Km,Railways,Ministry of Railways,North Central Railway,304,356.0,214.0,65,2024-12-31,2025-11-30,2017-03-22,1,0.75,0,0.05,0.4,40.0,Medium Risk
701128,Construction of New Integrated Passenger Terminal Building at Udaipur Airport,Aviation & Aviation Infrastructure,Ministry of Civil Aviation,Airport Authority of India [AAI],887,887.0,312.4,44,2026-03-10,2026-10-03,2023-06-01,1,0.8,0,0.0,0.4,40.0,Medium Risk
701105,Goa Airport Terminal Building Extension Project,Aviation & Aviation Infrastructure,Ministry of Civil Aviation,Airport Authority of India [AAI],256,255.69,130.0,88,2021-12-09,2025-09-30,2017-11-01,1,0.795,0,0.0,0.3975,39.75,Low Risk
706718,C/o NITB Imphal Airport,Aviation & Aviation Infrastructure,Ministry of Civil Aviation,Airport Authority of India [AAI],499,499.0,160.48,41,2024-07-13,2026-12-31,2021-11-01,1,0.785,0,0.0,0.3925,39.25,Low Risk
705363,Sakri-Hasanpur Road New Rail Line Project,Railways,Ministry of Railways,East Central Railway [ECR] - I,735,735.0,605.0,78,2024-12-31,2025-03-27,1999-04-01,1,0.765,0,0.0,0.3825,38.25,Low Risk
705492,Kadur - Chickamagalur - Sakleshpur [93km],Railways,Ministry of Railways,South Western Railway [SWR] - II,825,825.0,770.18,83,2025-06-30,2025-12-31,2014-01-27,1,0.765,0,0.0,0.3825,38.25,Low Risk
703585,Yeshvanthpur - Channasandra Doubling Project [21.70 Km],Railways,Ministry of Railways,Karnataka Rail Infrastructure Development Company Limited [K-RIDE],314,314.0,144.0,59,2024-12-31,2026-06-26,2019-04-01,1,0.755,0,0.0,0.3775,37.75,Low Risk
705392,Dimapur [Dhansiri]-Sukhobi Kohima [Zubza] NL [82.5 Km],Railways,Ministry of Railways,Northeast Frontier Railway [NFR],6663,6663.0,5202.29,79,2025-03-26,2025-12-29,2015-08-26,1,0.74,0,0.0,0.37,37.0,Low Risk
611047,"Construction of NTB complex including apron, taxi track and other associated civil works and electrical & mechanical installations towards Tawi River side at CA Jammu.",Aviation & Aviation Infrastructure,Ministry of Civil Aviation,Airport Authority of India [AAI],861,861.37,154.3,30,2026-06-21,2026-06-21,2022-07-01,1,0.53,0,0.185,0.35750000000000004,35.75000000000001,Low Risk
604795,CBR 9 MMTPA Project,Oil & Gas,Ministry of Petroleum & Natural Gas,Chennai Petroleum Corporation Limited [CPCL],31580,36354.0,1342.27,10,2025-06-02,2028-10-31,,1,0.645,0,0.035,0.34,34.0,Low Risk
706757,Modasa-Shamlaji Road Railway Line Project,Railways,Ministry of Railways,SECR,262,262.0,203.0,58,2025-03-31,2027-03-31,2012-09-01,1,0.68,0,0.0,0.34,34.0,Low Risk
705514,Jarapada- Budhapank with flyover at Talcher road 3rd and 4th Line,Railways,Ministry of Railways,East Coast Railway [ECoR] - II,1000,810.02,401.61,36,2018-11-13,2026-03-31,,1,0.675,0,0.0017717003567181927,0.3383858501783591,33.83858501783591,Low Risk
709846,Part Replacement Pipeline Project [PRPP],Oil & Gas,Ministry of Petroleum & Natural Gas,Oil and Natural Gas Corporation Limited [ONGC],1219,1145.1,745.24,90,2024-05-15,2025-11-30,,1,0.675,0,0.0,0.3375,33.75,Low Risk
705502,3rd Line Wardha - Ballarshah [132 Kilometres],Railways,Ministry of Railways,Central Railway [CR] - II,1385,1385.0,1102.48,77,2025-12-31,2026-02-28,2016-03-07,1,0.675,0,0.0,0.3375,33.75,Low Risk
701350,Upgradation of Facilities of Numaligarh-Siliguri Product Pipeline [NSPL] for transportation of additional products from existing 1.72 MMTPA to 5.5 MMTPA,Oil & Gas,Ministry of Petroleum & Natural Gas,Ministry of Petroleum & Natural Gas,860,860.0,566.18,98,2024-12-20,2025-10-31,,1,0.66,0,0.0,0.33,33.0,Low Risk
705761,SHIMOGA - SHIKARIPURA - RANEBENNUR [96 Km],Railways,Ministry of Railways,South Western Railway [SWR] - II,1454,1454.0,69.58,11,2027-12-01,2028-06-30,,1,0.635,0,0.0,0.3175,31.75,Low Risk
709782,ATF Pipeline from Jawaharlal Nehru Port Trust to Navi Mumbai International Airport,Oil & Gas,Ministry of Petroleum & Natural Gas,Indian Oil Corporation Limited [IOCL],165,165.0,89.94,72,2025-08-21,2026-03-31,,1,0.63,0,0.0,0.315,31.5,Low Risk
706922,Guwahati-Dibrugarh via Tinsukia & Simaluguri-Dibrugarh,Railways,Ministry of Railways,Central Organisation for Railway Electrification [CORE],890,889.36,391.73,89,2020-09-03,2024-06-30,2020-09-30,1,0.62,0,0.0,0.31,31.0,Low Risk
705918,Allahabad division - Aligarh - Harduaganj Flyover,Railways,Ministry of Railways,North Central Railway,1457,1457.0,50.0,8,2026-06-30,2027-03-31,2020-04-30,1,0.615,0,0.0,0.3075,30.75,Low Risk
705436,Kotapalli - Narasapur New Line,Railways,Ministry of Railways,South Central Railway [SCR] - II,2501,2501.0,1264.18,29,2028-03-31,2028-03-31,2009-03-31,0,0.065,1,0.535,0.30000000000000004,30.000000000000004,Low Risk
400275,Tindivanam-Nagari New Line Project [184.5 km],Railways,Ministry of Railways,Southern Railway [SR] - II,3631,3631.0,1113.53,18,2016-09-30,2028-03-31,2008-07-21,1,0.59,0,0.0,0.295,29.5,Low Risk
705728,Mumbai-Ahmedabad High Speed Rail Project- 508 km,Railways,Ministry of Railways,National High Speed Rail Corporation [NHSRC],108000,108000.0,78690.9,53,2027-08-31,2029-12-31,2015-03-31,1,0.585,0,0.0,0.2925,29.25,Low Risk
705785,Lodhma - Piska - Link Line bypassing Hatia/Ranchi with Y connection,Railways,Ministry of Railways,South Eastern Railway [SER] - I,473,473.0,284.26,4,2026-06-30,2027-05-31,2021-08-27,1,0.58,0,0.0,0.29,28.999999999999996,Low Risk
705608,Jhansi-Khairar-Manikpur & Khirar-Bhimsen,Railways,Ministry of Railways,North Central Railway,4330,4330.0,1989.0,53,2026-03-31,2026-03-31,2018-03-01,1,0.58,0,0.0,0.29,28.999999999999996,Low Risk
709750,Laying of new 28 inch Desal Water Pipeline and 10 inch Reject Water Pipeline between CPCL Manali Refinery and CPCL Desalination plant at Ennore,Oil & Gas,Ministry of Petroleum & Natural Gas,Chennai Petroleum Corporation Limited [CPCL],205,205.0,19.86,39,2025-09-21,2025-12-31,,1,0.575,0,0.0,0.2875,28.749999999999996,Low Risk
709789,Installation of Independent De- Aromatized Solvents [DAS] production facilities at MR,Oil & Gas,Ministry of Petroleum & Natural Gas,Bharat Petroleum Corporation Limited [BPCL],405,343.0,201.28,84,2025-07-31,2025-12-31,,1,0.575,0,0.0,0.2875,28.749999999999996,Low Risk
709778,Installation of new Biturox Unit along with allied facilities at Gujarat Refinery,Oil & Gas,Ministry of Petroleum & Natural Gas,MinistryofPetroleumNaturalGas,328,287.0,144.16,55,2025-08-08,2026-09-30,,1,0.565,0,0.0,0.2825,28.249999999999996,Low Risk
705358,Khurda-Bolangir New Broad Gauge Rail Link [301km],Railways,Ministry of Railways,East Coast Railway [ECoR] - II,3792,5089.0,4983.45,89,2026-12-31,2026-12-31,1994-03-31,0,0.055,1,0.5017717003567183,0.27838585017835915,27.838585017835914,Low Risk
400204,Bahraich-Shravasti-Balrampur-Siddharthnagar -Santkabir nagar,Railways,Ministry of Railways,North Eastern Railway [NER],4940,4939.78,1217.13,8,2030-10-30,2030-10-31,2018-10-03,1,0.55,0,0.0,0.275,27.500000000000004,Low Risk
612790,Power System Upgradation Project,Oil & Gas,Ministry of Petroleum & Natural Gas,Mangalore Refinary and Petrochemicals Limited,385,385.0,132.73,63,2025-11-17,2025-11-17,,0,0.08,0,0.445,0.2625,26.25,Low Risk
709865,Power Recovery Turbine [PRT] in PFCCU unit as an Energy Conservation Scheme,Oil & Gas,Ministry of Petroleum & Natural Gas,NRL,294,293.5,97.22,93,2024-12-31,2025-10-31,,0,0.495,0,0.0,0.2475,24.75,Low Risk
706835,Belgaum-Dharwad via Kittur [73.10Km],Railways,Ministry of Railways,South Western Railway [SWR] - II,1591,1591.0,0.75,0,2027-12-31,2029-03-31,2020-09-07,0,0.295,0,0.195,0.245,24.5,Low Risk
612853,Gurdaspur Jammu Pipeline,Oil & Gas,Ministry of Petroleum & Natural Gas,Gas Authority of India Limited [GAIL],522,521.9,190.1,36,2026-07-11,2026-07-11,,0,0.15,0,0.33,0.24,24.0,Low Risk
709847,Pipeline Network Project Rudrasagar,Oil & Gas,Ministry of Petroleum & Natural Gas,Ministry of Petroleum & Natural Gas,345,344.99,210.89,46,2026-04-27,2026-04-27,,0,0.075,0,0.4,0.23750000000000002,23.75,Low Risk
705743,Talcher-Angul New Line with Y-Connection at Talcher,Railways,Ministry of Railways,CAO/C/ECoR,495,495.0,29.5,1,2027-05-31,2028-05-31,2018-07-01,0,0.455,0,0.0,0.2275,22.75,Low Risk
400271,Wardha-Nanded Via Yavatmal New BG Line,Railways,Ministry of Railways,Central Railway [CR] - II,3445,3445.0,3002.93,50,2028-03-31,2028-03-31,2017-12-20,0,0.06,0,0.38,0.22,22.0,Low Risk
705639,Ernakulam-Kumbalam doubling project [7.71 Km],Railways,Ministry of Railways,SR-ERS,601,601.0,283.0,17,2028-03-31,2028-03-31,2023-04-03,0,0.4,0,0.0,0.2,20.0,Low Risk
709785,Laying of Natural Gas Pipeline from Hazaribagh to Ranchi [HRPL],Oil & Gas,Ministry of Petroleum & Natural Gas,MinistryofPetroleumNaturalGas,202,202.07,55.46,45,2026-02-08,2026-02-08,,0,0.02,0,0.345,0.1825,18.25,Low Risk
705410,Nangal Dam-Talwara New Broad Gauge Line [84 KM] and Taking Over Siding Mukerian-Talwara [29 KM],Railways,Ministry of Railways,Northen Railway [NR],2018,2018.0,1848.0,74,2025-12-31,2027-01-31,1983-03-31,0,0.355,0,0.0,0.1775,17.75,Low Risk
612096,Construction of Balurghat-Hilli new BG Line,Railways,Ministry of Railways,Northeast Frontier Railway [NFR],1209,1209.0,405.31,9,2027-03-31,2025-03-27,2010-12-29,0,0.065,0,0.285,0.175,17.5,Low Risk
705359,Talcher-Bimlagarh New Railway Line,Railways,Ministry of Railways,East Coast Railway [ECoR] - II,1928,1928.0,1902.91,47,2025-03-31,2027-03-31,2004-03-31,0,0.335,0,0.0017717003567181927,0.1683858501783591,16.83858501783591,Low Risk
612876,"Construction of Permanent Campus for NIT Mizoram at Lengpui, Aizawl",Education,Department of Higher Education,Ministry of Education,474,474.23,167.55,4,2029-12-31,2029-12-31,2020-03-04,0,0.06,0,0.275,0.1675,16.75,Low Risk
705495,Bagalkot-Kudachi New Railway Line [142 km],Railways,Ministry of Railways,South Western Railway [SWR] - II,1378,1649.0,670.74,35,2027-03-31,2027-01-31,2021-11-18,0,0.135,0,0.2,0.1675,16.75,Low Risk
706856,Rourkela - Bondamunda 5th Line Doubling Project,Railways,Ministry of Railways,South Eastern Railway [SER] - I,245,245.0,82.0,35,2026-09-30,2026-09-26,2022-09-01,0,0.095,0,0.22,0.1575,15.75,Low Risk
705496,Tumkur-Chitradurga-Davangere New Rail Line Project [191 km],Railways,Ministry of Railways,South Western Railway [SWR] - II,1876,1876.0,516.17,13,2019-03-31,2027-12-31,2013-10-29,0,0.305,0,0.0,0.1525,15.25,Low Risk
706866,Sawaimadhopur Bye Pass Line Project,Railways,Ministry of Railways,North Western Railway [NWR],304,304.0,134.0,35,2026-03-31,2027-05-27,2022-12-01,0,0.305,0,0.0,0.1525,15.25,Low Risk
705763,Indore - Budni New Railway Line [198 kms],Railways,Ministry of Railways,RVNL - II,7474,7474.0,1658.03,22,2030-09-30,2030-09-30,2019-08-21,0,0.075,0,0.22,0.1475,14.75,Low Risk
705638,Kumbalam-Turavur doubling project [15.59 Km],Railways,Ministry of Railways,Southern Railway [SR] - II,813,813.0,292.15,15,2027-03-31,2027-03-31,2023-04-03,0,0.28,0,0.0,0.14,14.000000000000002,Low Risk
611849,Devgarh Madariya - Nathdwara Gauge Conversion [82.54 Km] part of Marwar - Mavli Gauge Conversion [152 Km],Railways,Ministry of Railways,North Western Railway [NWR],969,969.0,411.0,45,2028-06-30,2028-06-28,2023-01-01,0,0.07,0,0.205,0.1375,13.750000000000002,Low Risk
705767,Baghuapal Flyover Construction Project,Railways,Ministry of Railways,CAO/C/ECoR,258,258.0,0.83,0,2028-03-31,2028-03-31,2019-08-01,0,0.1,0,0.16731366459627328,0.13365683229813663,13.365683229813662,Low Risk
611884,Bhiwani - Dobh Bahali Doubling Project [42.30 Km],Railways,Ministry of Railways,North Western Railway [NWR],471,471.0,187.33,57,2028-02-29,2028-02-28,2023-02-01,0,0.26,0,0.0,0.13,13.0,Low Risk
705491,Marikuppam - Kuppam New Line Project [23.70 Km],Railways,Ministry of Railways,South Western Railway [SWR] - II,297,297.0,123.17,15,2026-06-30,2026-06-30,2012-04-01,0,0.255,0,0.0,0.1275,12.75,Low Risk
400043,Laying of POL Pipelines in Common Corridor for proposed grass root terminal at Vallur [Chennai],Energy Storage,Ministry of Petroleum & Natural Gas,Ministry of Petroleum & Natural Gas,829,829.0,297.77,62,2026-05-31,2026-05-31,,0,0.25,0,0.0,0.125,12.5,Low Risk
705385,Pirpainti - Jasidih [100.52 Km] New BG line,Railways,Ministry of Railways,Eastern Railway [ER] - I,2555,2555.0,763.08,48,2028-03-31,2028-03-31,2014-03-31,0,0.24,0,0.0,0.12,12.0,Low Risk
400035,"Grass Root Rail-fed Depot at Sekerkote, Agartala as resitement of existing Dharmanagar Depot",Energy Storage,Ministry of Petroleum & Natural Gas,Indian Oil Corporation Limited [IOCL],656,656.0,465.73,84,2025-09-30,2025-09-30,,0,0.22,0,0.0,0.11,11.0,Low Risk
708662,Establishment of 600 bed super specialty hospital with optional development of Medical college and further expansion on PPP basis.,Healthcare,"Ministry of Ports, Shipping and Waterways",Mumbai Port Trust [MPT],693,693.0,58.0,0,2026-06-30,2027-12-31,2019-08-13,0,0.215,0,0.0,0.1075,10.75,Low Risk
617303,"City Gas Distribution Project at Khagaria, Saharsa and Madhepura",Oil & Gas,Ministry of Petroleum & Natural Gas,Ministry of Petroleum & Natural Gas,163,163.0,95.54,40,2030-03-31,2030-03-31,,0,0.185,0,0.0,0.0925,9.25,Low Risk
705479,Wadsa-Gadchiroli,Railways,Ministry of Railways,South East Central Railway,1886,1886.0,706.28,49,2027-03-31,2027-03-31,2017-05-17,0,0.185,0,0.0,0.0925,9.25,Low Risk
611752,GOOTY-PENDEKALLU DOUBLING 29.225 Km,Railways,Ministry of Railways,South Central Railway [SCR] - II,352,351.83,18.0,25,2027-03-31,2027-03-27,2023-03-01,0,0.175,0,0.0,0.0875,8.75,Low Risk
705789,Penukonda - Dharmavaram Doubling Project [41.5 Km],Railways,Ministry of Railways,South Western Railway [SWR] - II,308,307.66,267.83,60,2026-03-31,2026-03-31,2019-04-01,0,0.155,0,0.0,0.0775,7.75,Low Risk
705765,Gomoh - Flyover for DN trains,Railways,Ministry of Railways,East Central Railway [ECR] - II,686,686.0,536.04,59,2026-03-26,2026-03-26,2018-01-29,0,0.15,0,0.0,0.075,7.5,Low Risk
400247,Kalinarayanpur-Krishnanagar Doubling Alongwith Krishnanagar - Chapra New Line And Naihati-Ranaghat 3rd Line.,Railways,Ministry of Railways,Eastern Railway [ER] - I,1000,1000.0,1029.97,67,2027-02-28,2027-02-28,2015-07-28,0,0.145,0,0.0,0.0725,7.249999999999999,Low Risk
400167,Redevelopment of Santhal Field [Onshore-Mehsana Asset],Oil & Gas,Ministry of Petroleum & Natural Gas,Oil and Natural Gas Corporation Limited [ONGC],1163,1162.56,1156.9,94,2026-03-31,2026-03-31,,0,0.125,0,0.0,0.0625,6.25,Low Risk
705741,Jeypore-Navarangpur New Rail Line Project,Inland Waterways,Ministry of Railways,East Coast Railway [ECoR] - II,748,748.0,10.43,1,2028-07-31,2029-12-31,2017-07-04,0,0.12,0,0.0017717003567181927,0.0608858501783591,6.08858501783591,Low Risk
706763,Rajkot - Kanalus Doubling Project [111.2 Kms],Railways,Ministry of Railways,Western Railway [WR] - II,1081,1080.58,731.0,72,2026-10-31,2026-10-31,2021-10-07,0,0.12,0,0.0,0.06,6.0,Low Risk
705933,Nimach-Ratlam Doubling [133 Km],Railways,Ministry of Railways,Western Railway [WR] - II,1096,1095.88,1056.18,89,2027-10-31,2027-10-31,2021-10-07,0,0.12,0,0.0,0.06,6.0,Low Risk
709798,Ethylene Cracker Project at Bina Refinery including downstream Petrochemical Plants and expansion of Refinery,Oil & Gas,Ministry of Petroleum & Natural Gas,MinistryofPetroleumNaturalGas,43367,43367.0,1788.6,13,2028-05-31,2028-05-31,,0,0.11,0,0.0,0.055,5.5,Low Risk
705454,Chhota Udaipur - Dhar New Line Project [157 km],Railways,Ministry of Railways,Western Railway [WR] - II,1794,1794.0,1800.85,80,2025-12-27,2025-12-27,2008-11-19,0,0.11,0,0.0,0.055,5.5,Low Risk
709777,Installation of Bitumen Manufacturing Unit along with allied facilities at Barauni Refinery,Oil & Gas,Ministry of Petroleum & Natural Gas,MinistryofPetroleumNaturalGas,389,340.0,46.94,37,2025-04-30,2026-10-31,,0,0.025,0,0.08,0.052500000000000005,5.250000000000001,Low Risk
611452,MUMBAI CENTRAL VIRAR VADODARA AHMEDABAAD TRAIN PROTECTION SYSTEM 500 RKM,Railways,Ministry of Railways,Western Railway,311,311.0,208.0,92,2025-12-31,2025-06-26,2019-09-25,0,0.105,0,0.0,0.0525,5.25,Low Risk
701338,City Gas Distribution Maharashtra Natural Gas Limited,Oil & Gas,Ministry of Petroleum & Natural Gas,Ministry of Petroleum & Natural Gas,5535,5535.0,3836.09,0,2031-06-08,2031-06-08,,0,0.105,0,0.0,0.0525,5.25,Low Risk
611861,Rewari - Kathuwas Doubling Project [27.72 Km],Railways,Ministry of Railways,North Western Railway [NWR],352,352.0,239.01,59,2027-06-30,2027-06-27,2023-02-01,0,0.095,0,0.0,0.0475,4.75,Low Risk
709851,Integrated Development of 4 Contract Areas under DSF-II,Oil & Gas,Ministry of Petroleum & Natural Gas,Ministry of Petroleum & Natural Gas,6184,6183.79,360.0,17,2027-04-30,2027-04-30,,0,0.095,0,0.0,0.0475,4.75,Low Risk
705663,Bangalore-Whitefield-Bangalore City-Krishnarajapuram [23.08 km] - Quadrupling,Real Estate,Ministry of Railways,South Western Railway [SWR] - II,493,493.0,252.45,82,2026-02-28,2026-02-28,2018-02-20,0,0.095,0,0.0,0.0475,4.75,Low Risk
709781,Revamping / Augmentation of Facilities at Mathura Bitumen Plant,Oil & Gas,Ministry of Petroleum & Natural Gas,MinistryofPetroleumNaturalGas,260,260.12,1.11,25,2027-06-30,2026-12-31,,0,0.0,0,0.095,0.0475,4.75,Low Risk
709811,GANDHAMARDAN IRON ORE MINES TO GOALDIH STATION/12.76kms,Railways,Ministry of Railways,East Coast Railway [ECoR] - II,190,190.0,0.0,0,2027-09-30,2027-09-27,2022-09-09,0,0.085,0,0.0017717003567181927,0.0433858501783591,4.33858501783591,Low Risk
400023,Construction of New BG line between Hassan to Belur [27 Km],Railways,Ministry of Railways,South Western Railway [SWR] - II,749,749.0,0.0,0,2028-04-30,2027-04-30,2019-03-01,0,0.085,0,0.0,0.0425,4.25,Low Risk
709753,Haldia Panagarh Pipeline Project,Oil & Gas,Ministry of Petroleum & Natural Gas,Hindustan Petroleum Corporation Limited,1010,1010.0,627.12,81,2025-11-08,2025-11-08,,0,0.085,0,0.0,0.0425,4.25,Low Risk
709790,Replacement and Extension of Jetty Pipelines [REJP] at KR,Oil & Gas,Ministry of Petroleum & Natural Gas,Bharat Petroleum Corporation Limited [BPCL],622,621.87,192.66,83,2026-03-31,2026-03-31,,0,0.08,0,0.0,0.04,4.0,Low Risk
616879,Demo Bio-ATF Project,Oil & Gas,Ministry of Petroleum & Natural Gas,Ministry of Petroleum & Natural Gas,364,364.0,22.82,10,2027-01-16,2027-01-16,,0,0.075,0,0.0,0.0375,3.75,Low Risk
709760,HP TDAE Unit in Mumbai Refinery,Oil & Gas,Ministry of Petroleum & Natural Gas,Hindustan Petroleum Corporation Limited,240,240.0,34.4,37,2026-04-19,2026-04-19,,0,0.07,0,0.0,0.035,3.5000000000000004,Low Risk
400232,Brundamal-Jharsuguda- flyover connection for joining downline,Railways,Ministry of Railways,East Coast Railway [ECoR] - II,297,297.0,193.22,30,2026-12-31,2026-12-31,2014-01-30,0,0.065,0,0.0017717003567181927,0.0333858501783591,3.3385850178359098,Low Risk
611495,Development of New Civil Enclave at Bagdogra Airport,Aviation & Aviation Infrastructure,Ministry of Civil Aviation,Airport Authority of India [AAI],1549,1549.0,262.41,10,2027-01-03,2027-01-03,2024-08-01,0,0.065,0,0.0,0.0325,3.25,Low Risk
705919,Agra Fort-Bandikui Doubling Line Project,Railways,Ministry of Railways,CAO/C/NCR,1390,1390.0,123.0,25,2027-06-30,2027-06-27,2022-06-01,0,0.065,0,0.0,0.0325,3.25,Low Risk
709761,HP Trijet Unit in Visakh Refinery,Oil & Gas,Ministry of Petroleum & Natural Gas,Hindustan Petroleum Corporation Limited,193,193.0,0.43,23,2027-07-28,2027-07-28,,0,0.02,0,0.045,0.0325,3.25,Low Risk
616933,Lube Modernization & Bottom Upgradation Project at Mumbai Refinery,Oil & Gas,Ministry of Petroleum & Natural Gas,Ministry of Petroleum and Natural Gas,4679,4679.0,188.88,4,2028-03-16,2028-03-16,,0,0.055,0,0.0,0.0275,2.75,Low Risk
705424,Chandigarh-Baddi New Rail Line- 36 km,Railways,Ministry of Railways,Northen Railway [NR],1540,1540.0,506.73,31,2026-12-31,2026-12-31,2018-02-15,0,0.055,0,0.0,0.0275,2.75,Low Risk
709809,KALYAN-MURBAD VIA ULHASNAGAR [UMBRELLA WORK],Railways,Ministry of Railways,Central Railway [CR] - II,836,836.0,9.29,1,2027-03-31,2027-03-27,,0,0.05,0,0.0,0.025,2.5,Low Risk
616235,Construction of Aviation Fuel farm Facilities at Bhogapuram Airport,Energy Storage,Ministry of Petroleum & Natural Gas,Ministry of Petroleum & Natural Gas,240,240.0,31.23,50,2026-03-31,2026-03-31,,0,0.05,0,0.0,0.025,2.5,Low Risk
709812,NADIAD-PETLAD [37.26 KM],Railways,Ministry of Railways,WR,462,461.91,75.0,7,2030-06-30,2030-06-30,,0,0.045,0,0.0,0.0225,2.25,Low Risk
612883,Establishment of Permanent Campus of NIT SIkkim at Khamdong-Gangtok District,Education,Department of Higher Education,Ministry of Education,686,610.76,121.56,7,2028-02-12,2026-12-31,2024-02-12,0,0.045,0,0.0,0.0225,2.25,Low Risk
706780,Mumbai Urban Transport Project [MUTP] Phase-IIIA,Railways,Ministry of Railways,Mumbai Rail Vikas Corporation Ltd.[MRVC],33690,33690.0,2246.15,16,2027-12-31,2027-12-31,2019-04-01,0,0.045,0,0.0,0.0225,2.25,Low Risk
400205,Sahjanwa-Dohrighat,Railways,Ministry of Railways,North Eastern Railway [NER],1320,1319.75,457.35,3,2029-03-31,2029-03-31,2019-08-02,0,0.045,0,0.0,0.0225,2.25,Low Risk
611971,Samni Jambusar 24 km,Railways,Ministry of Railways,PCE/WR,350,349.93,87.0,32,2030-03-31,2030-03-30,2022-05-01,0,0.04,0,0.0,0.02,2.0,Low Risk
611980,Junagarh Visavadar 42 Kms,Railways,Ministry of Railways,WR,493,492.83,3.0,1,2028-09-30,2028-09-28,2022-06-02,0,0.04,0,0.0,0.02,2.0,Low Risk
611937,Adraj Moti Vijapur 40 Kms,Railways,Ministry of Railways,Western Railway [WR] - II,418,417.53,223.0,86,2026-05-31,2026-05-31,2022-05-01,0,0.04,0,0.0,0.02,2.0,Low Risk
602797,"Sainthia, Sitarampur, Mughalsarai, Allahabad & Etawah - Bypass Line Project",Railways,Ministry of Railways,Eastern Railway [ER] - I,462,461.64,178.45,6,2027-03-31,2027-03-27,2017-08-10,0,0.035,0,0.0,0.0175,1.7500000000000002,Low Risk
705507,Itarsi - Nagpur Third Railway Line [280 km],Railways,Ministry of Railways,Central Railway [CR] - II,2450,2450.0,1815.49,52,2027-03-31,2027-03-31,2016-09-02,0,0.035,0,0.0,0.0175,1.7500000000000002,Low Risk
400022,Taranga Hill-Abu Road via Ambaji,Railways,Ministry of Railways,North Western Railway [NWR],2798,2798.0,1891.9,14,2030-07-31,2030-07-31,2022-07-21,0,0.035,0,0.0,0.0175,1.7500000000000002,Low Risk
705742,Jeypore-Malkanagiri New Railway Line Project,Inland Waterways,Ministry of Railways,East Coast Railway [ECoR] - II,2344,2344.0,196.75,8,2033-07-31,2033-07-31,2018-02-18,0,0.02,0,0.0017717003567181927,0.010885850178359097,1.0885850178359098,Low Risk
709795,"City Gas Distribution Projects at Lakhimpur Kheri , Sitapur, Bahraich, Shravasti,Balrampur, Siddharth Nagar & Maharajganj districts",Oil & Gas,Ministry of Petroleum & Natural Gas,Bharat Petroleum Corporation Limited [BPCL],16654,16654.0,603.21,9,2030-06-30,2030-06-30,,0,0.02,0,0.0,0.01,1.0,Low Risk
709850,Borholla GGS Life Extension Project [BLEP],Oil & Gas,Ministry of Petroleum & Natural Gas,Ministry of Petroleum & Natural Gas,199,198.7,36.78,29,2026-05-16,2026-05-16,,0,0.02,0,0.0,0.01,1.0,Low Risk
705755,Morappur - Dharmpuri New Railway Line Project,Railways,Ministry of Railways,Southern Railway [SR] - I,359,359.0,40.0,1,2028-03-31,2028-03-28,2019-05-27,0,0.02,0,0.0,0.01,1.0,Low Risk
709758,"CGD Project in Malda, Birbhum, Murshidabad, Dakshin Dinajpur GA ID 11A.03",Oil & Gas,Ministry of Petroleum & Natural Gas,Hindustan Petroleum Corporation Limited,2628,2628.0,332.52,26,2030-06-30,2030-06-30,,0,0.015,0,0.0,0.0075,0.75,Low Risk
709773,"City Gas Distribution Project at Jammu, Udhampur, Reasi, Samba and Kathua Districts",Oil & Gas,Ministry of Petroleum & Natural Gas,MinistryofPetroleumNaturalGas,538,538.0,4.09,0,2032-03-31,2032-03-31,,0,0.0,0,0.015,0.0075,0.75,Low Risk
709799,Setting up Polypropylene Unit at Kochi Refinery,Oil & Gas,Ministry of Petroleum & Natural Gas,MinistryofPetroleumNaturalGas,4460,4460.0,255.64,12,2027-10-31,2027-10-31,,0,0.015,0,0.0,0.0075,0.75,Low Risk
616254,Visakh Raipur Pipeline Project,Oil & Gas,Ministry of Petroleum & Natural Gas,Ministry of Petroleum and Natural Gas,2212,2212.0,11.52,7,2027-09-10,2027-09-10,,0,0.01,0,0.0,0.005,0.5,Low Risk
709792,"City Gas Distribution Projects at Darbhanga, Madhubani, Supaul, Sitamarhi and Sheohar districts",Oil & Gas,Ministry of Petroleum & Natural Gas,Bharat Petroleum Corporation Limited [BPCL],3638,3638.0,396.42,21,2030-03-31,2030-03-31,,0,0.01,0,0.0,0.005,0.5,Low Risk
709797,POL & LOBS Installations with Receipt Pipelines at Rasayani,Oil & Gas,Ministry of Petroleum & Natural Gas,Bharat Petroleum Corporation Limited [BPCL],2585,2585.0,564.58,58,2026-05-31,2026-05-31,,0,0.01,0,0.0,0.005,0.5,Low Risk
612072,4th LINE BETWEEN BAREJADI NANDEJ-SANAND-AHMEDABAD BYPASS,Railways,Ministry of Railways,Western Railway,962,961.67,132.63,16,2027-03-31,2027-03-27,2023-02-03,0,0.005,0,0.0,0.0025,0.25,Low Risk
709770,City Gas Distribution Project at Pathankot District,Oil & Gas,Ministry of Petroleum & Natural Gas,MinistryofPetroleumNaturalGas,151,151.0,8.77,2,2033-09-30,2033-09-30,,0,0.005,0,0.0,0.0025,0.25,Low Risk
709791,City Gas Distribution Projects at Alipurduar and Cooch Behar,Oil & Gas,Ministry of Petroleum & Natural Gas,Bharat Petroleum Corporation Limited [BPCL],1017,1017.0,176.15,32,2030-03-31,2030-03-31,,0,0.005,0,0.0,0.0025,0.25,Low Risk
709794,"City Gas Distribution Projects at Fazilka [except area already authorized], Ganganagar and Hanumangarh districts",Oil & Gas,Ministry of Petroleum & Natural Gas,Bharat Petroleum Corporation Limited [BPCL],3207,3207.0,334.82,22,2030-06-30,2030-06-30,,0,0.005,0,0.0,0.0025,0.25,Low Risk
709796,City Gas Distribution Projects at the Nilgiris and Erode districts,Oil & Gas,Ministry of Petroleum & Natural Gas,Bharat Petroleum Corporation Limited [BPCL],3685,3685.0,234.12,11,2030-03-31,2030-03-31,,0,0.005,0,0.0,0.0025,0.25,Low Risk
709800,"CUF POL Depot at Sadashibpur [Meramundali], Odisha",Oil & Gas,Ministry of Petroleum & Natural Gas,MinistryofPetroleumNaturalGas,394,393.54,100.39,43,2026-03-31,2026-03-31,,0,0.005,0,0.0,0.0025,0.25,Low Risk
709793,"City Gas Distribution Projects at Gopalganj, Siwan, West Champaran, East Champaran and Deoria districts",Oil & Gas,Ministry of Petroleum & Natural Gas,Bharat Petroleum Corporation Limited [BPCL],3919,3919.0,392.59,14,2030-06-30,2030-06-30,,0,0.005,0,0.0,0.0025,0.25,Low Risk
709768,City Gas Distribution Project at Dharmapuri and Krishnagiri Districts,Oil & Gas,Ministry of Petroleum & Natural Gas,MinistryofPetroleumNaturalGas,501,501.0,111.55,5,2030-12-31,2030-12-31,,0,0.005,0,0.0,0.0025,0.25,Low Risk
709757,"CGD Project in Banka, Dumka, Godda, Jamtara, Pakur, Sahibganj GA ID 11A.02",Oil & Gas,Ministry of Petroleum & Natural Gas,Hindustan Petroleum Corporation Limited,1377,1377.0,329.43,26,2030-06-30,2030-06-30,,0,0.005,0,0.0,0.0025,0.25,Low Risk
709771,"City Gas Distribution Project at Beed, Jalgaon and Jalna Districts",Oil & Gas,Ministry of Petroleum & Natural Gas,MinistryofPetroleumNaturalGas,865,865.0,68.01,2,2031-09-30,2031-09-30,,0,0.005,0,0.0,0.0025,0.25,Low Risk
709786,"Augmentation/ Revamping of Dimapur Depot, Dimapur",Oil & Gas,Ministry of Petroleum & Natural Gas,MinistryofPetroleumNaturalGas,228,227.62,9.01,20,2027-11-30,2027-11-30,,0,0.005,0,0.0,0.0025,0.25,Low Risk
709772,"City Gas Distribution Project at East Mednipore, West Mednipore & Jhargram Districts",Oil & Gas,Ministry of Petroleum & Natural Gas,MinistryofPetroleumNaturalGas,609,609.0,58.15,2,2031-06-30,2031-06-30,,0,0.005,0,0.0,0.0025,0.25,Low Risk
709779,Capacity Expansion of Digboi Refinery from 0.65 to 1.0 MMTPA,Oil & Gas,Ministry of Petroleum & Natural Gas,MinistryofPetroleumNaturalGas,768,740.0,99.02,35,2026-03-08,2026-03-08,,0,0.0,0,0.0,0.0,0.0,Low Risk
709766,"City Gas Distribution Project at Kurnool, Guntur & Prakasam Districts",Oil & Gas,Ministry of Petroleum & Natural Gas,MinistryofPetroleumNaturalGas,1420,1420.0,162.47,6,2030-03-31,2030-03-31,,0,0.0,0,0.0,0.0,0.0,Low Risk
